{"v":"5.2.0","fr":25,"ip":0,"op":103,"w":1800,"h":1500,"nm":"__FloatingNinja","ddd":0,"assets":[],"layers":[{"ddd":0,"ind":1,"ty":4,"nm":"Gradient mask","sr":1,"ks":{"o":{"a":0,"k":100,"ix":11},"r":{"a":0,"k":0,"ix":10},"p":{"a":0,"k":[900,794,0],"ix":2},"a":{"a":0,"k":[0,0,0],"ix":1},"s":{"a":0,"k":[100,109.067,100],"ix":6}},"ao":0,"shapes":[{"ty":"gr","it":[{"ty":"rc","d":1,"s":{"a":0,"k":[1800,1500],"ix":2},"p":{"a":0,"k":[0,0],"ix":3},"r":{"a":0,"k":0,"ix":4},"nm":"Rectangle Path 1","mn":"ADBE Vector Shape - Rect","hd":false},{"ty":"st","c":{"a":0,"k":[0.274509803922,0.250980392157,0.439215716194,1],"ix":3},"o":{"a":0,"k":100,"ix":4},"w":{"a":0,"k":0,"ix":5},"lc":1,"lj":1,"ml":4,"ml2":{"a":0,"k":4,"ix":8},"nm":"Stroke 1","mn":"ADBE Vector Graphic - Stroke","hd":false},{"ty":"gf","o":{"a":0,"k":100,"ix":10},"r":1,"g":{"p":3,"k":{"a":0,"k":[0,1,1,1,0.454,0.957,0.994,0.984,1,0.914,0.988,0.969,0.76,0,0.88,0,1,0],"ix":9}},"s":{"a":0,"k":[0,0],"ix":5},"e":{"a":0,"k":[925.086,2.73],"ix":6},"t":2,"h":{"a":0,"k":0,"ix":7},"a":{"a":0,"k":0,"ix":8},"nm":"Gradient Fill 1","mn":"ADBE Vector Graphic - G-Fill","hd":false},{"ty":"tr","p":{"a":0,"k":[0,0],"ix":2},"a":{"a":0,"k":[0,0],"ix":1},"s":{"a":0,"k":[100,100],"ix":3},"r":{"a":0,"k":0,"ix":6},"o":{"a":0,"k":100,"ix":7},"sk":{"a":0,"k":0,"ix":4},"sa":{"a":0,"k":0,"ix":5},"nm":"Transform"}],"nm":"Rectangle 1","np":3,"cix":2,"ix":1,"mn":"ADBE Vector Group","hd":false}],"ip":0,"op":750.750750750751,"st":0,"bm":0},{"ddd":0,"ind":2,"ty":4,"nm":"Body Outlines","sr":1,"ks":{"o":{"a":0,"k":100,"ix":11},"r":{"a":0,"k":0,"ix":10},"p":{"a":1,"k":[{"i":{"x":0.667,"y":1},"o":{"x":0.333,"y":0},"n":"0p667_1_0p333_0","t":0,"s":[906,790,0],"e":[906,590,0],"to":[0,-33.3333320617676,0],"ti":[0,0,0]},{"i":{"x":0.667,"y":1},"o":{"x":0.333,"y":0},"n":"0p667_1_0p333_0","t":51.719,"s":[906,590,0],"e":[906,790,0],"to":[0,0,0],"ti":[0,-33.3333320617676,0]},{"t":100.1005859375}],"ix":2},"a":{"a":0,"k":[118.5,182,0],"ix":1},"s":{"a":0,"k":[200,200,100],"ix":6}},"ao":0,"shapes":[{"ty":"gr","it":[{"ind":0,"ty":"sh","ix":1,"ks":{"a":0,"k":{"i":[[2.086,0],[0,0],[0,2.086],[-2.086,0],[0,0],[0,-2.087]],"o":[[0,0],[-2.086,0],[0,-2.087],[0,0],[2.086,0],[0,2.086]],"v":[[13.464,3.778],[-13.465,3.778],[-17.241,0],[-13.465,-3.778],[13.464,-3.778],[17.241,0]],"c":true},"ix":2},"nm":"Path 1","mn":"ADBE Vector Shape - Group","hd":false},{"ty":"fl","c":{"a":0,"k":[0.275,0.250999989229,0.438999998803,1],"ix":4},"o":{"a":0,"k":100,"ix":5},"r":1,"nm":"Fill 1","mn":"ADBE Vector Graphic - Fill","hd":false},{"ty":"tr","p":{"a":0,"k":[159.297,103.68],"ix":2},"a":{"a":0,"k":[0,0],"ix":1},"s":{"a":0,"k":[100,100],"ix":3},"r":{"a":0,"k":0,"ix":6},"o":{"a":0,"k":100,"ix":7},"sk":{"a":0,"k":0,"ix":4},"sa":{"a":0,"k":0,"ix":5},"nm":"Transform"}],"nm":"Group 1","np":2,"cix":2,"ix":1,"mn":"ADBE Vector Group","hd":false},{"ty":"gr","it":[{"ind":0,"ty":"sh","ix":1,"ks":{"a":0,"k":{"i":[[2.086,0],[0,0],[0,2.086],[-2.086,0],[0,0],[0,-2.087]],"o":[[0,0],[-2.086,0],[0,-2.087],[0,0],[2.086,0],[0,2.086]],"v":[[13.464,3.778],[-13.464,3.778],[-17.242,0],[-13.464,-3.778],[13.464,-3.778],[17.242,0]],"c":true},"ix":2},"nm":"Path 1","mn":"ADBE Vector Shape - Group","hd":false},{"ty":"fl","c":{"a":0,"k":[0.275,0.250999989229,0.438999998803,1],"ix":4},"o":{"a":0,"k":100,"ix":5},"r":1,"nm":"Fill 1","mn":"ADBE Vector Graphic - Fill","hd":false},{"ty":"tr","p":{"a":0,"k":[74.968,103.68],"ix":2},"a":{"a":0,"k":[0,0],"ix":1},"s":{"a":0,"k":[100,100],"ix":3},"r":{"a":0,"k":0,"ix":6},"o":{"a":0,"k":100,"ix":7},"sk":{"a":0,"k":0,"ix":4},"sa":{"a":0,"k":0,"ix":5},"nm":"Transform"}],"nm":"Group 2","np":2,"cix":2,"ix":2,"mn":"ADBE Vector Group","hd":false},{"ty":"gr","it":[{"ind":0,"ty":"sh","ix":1,"ks":{"a":0,"k":{"i":[[0,1.81],[-1.809,0],[0,-1.81],[1.809,0]],"o":[[0,-1.81],[1.809,0],[0,1.81],[-1.809,0]],"v":[[-3.276,0],[0,-3.276],[3.276,0],[0,3.276]],"c":true},"ix":2},"nm":"Path 1","mn":"ADBE Vector Shape - Group","hd":false},{"ty":"fl","c":{"a":0,"k":[0.976000019148,0.698000021542,0.046999998654,1],"ix":4},"o":{"a":0,"k":100,"ix":5},"r":1,"nm":"Fill 1","mn":"ADBE Vector Graphic - Fill","hd":false},{"ty":"tr","p":{"a":0,"k":[182.197,287.793],"ix":2},"a":{"a":0,"k":[0,0],"ix":1},"s":{"a":0,"k":[100,100],"ix":3},"r":{"a":0,"k":0,"ix":6},"o":{"a":0,"k":100,"ix":7},"sk":{"a":0,"k":0,"ix":4},"sa":{"a":0,"k":0,"ix":5},"nm":"Transform"}],"nm":"Group 3","np":2,"cix":2,"ix":3,"mn":"ADBE Vector Group","hd":false},{"ty":"gr","it":[{"ind":0,"ty":"sh","ix":1,"ks":{"a":0,"k":{"i":[[4.884,0],[0,0],[0,4.884],[0,0],[-4.885,0],[0,0],[0,-4.884],[0,0]],"o":[[0,0],[-4.885,0],[0,0],[0,-4.884],[0,0],[4.884,0],[0,0],[0,4.884]],"v":[[9.727,12.972],[-9.726,12.972],[-18.607,4.092],[-18.607,-4.092],[-9.726,-12.972],[9.727,-12.972],[18.607,-4.092],[18.607,4.092]],"c":true},"ix":2},"nm":"Path 1","mn":"ADBE Vector Shape - Group","hd":false},{"ty":"fl","c":{"a":0,"k":[1,0.795999983245,0.008000000785,1],"ix":4},"o":{"a":0,"k":100,"ix":5},"r":1,"nm":"Fill 1","mn":"ADBE Vector Graphic - Fill","hd":false},{"ty":"tr","p":{"a":0,"k":[182.197,281.013],"ix":2},"a":{"a":0,"k":[0,0],"ix":1},"s":{"a":0,"k":[100,100],"ix":3},"r":{"a":0,"k":0,"ix":6},"o":{"a":0,"k":100,"ix":7},"sk":{"a":0,"k":0,"ix":4},"sa":{"a":0,"k":0,"ix":5},"nm":"Transform"}],"nm":"Group 4","np":2,"cix":2,"ix":4,"mn":"ADBE Vector Group","hd":false},{"ty":"gr","it":[{"ind":0,"ty":"sh","ix":1,"ks":{"a":0,"k":{"i":[[4.884,0],[0,0],[0,4.885],[0,0],[-4.885,0],[0,0],[0,-4.884],[0,0]],"o":[[0,0],[-4.885,0],[0,0],[0,-4.884],[0,0],[4.884,0],[0,0],[0,4.885]],"v":[[9.727,25.972],[-9.726,25.972],[-18.607,17.091],[-18.607,-17.092],[-9.726,-25.972],[9.727,-25.972],[18.607,-17.092],[18.607,17.091]],"c":true},"ix":2},"nm":"Path 1","mn":"ADBE Vector Shape - Group","hd":false},{"ty":"fl","c":{"a":0,"k":[0.976000019148,0.698000021542,0.046999998654,1],"ix":4},"o":{"a":0,"k":100,"ix":5},"r":1,"nm":"Fill 1","mn":"ADBE Vector Graphic - Fill","hd":false},{"ty":"tr","p":{"a":0,"k":[182.197,293.986],"ix":2},"a":{"a":0,"k":[0,0],"ix":1},"s":{"a":0,"k":[100,100],"ix":3},"r":{"a":0,"k":0,"ix":6},"o":{"a":0,"k":100,"ix":7},"sk":{"a":0,"k":0,"ix":4},"sa":{"a":0,"k":0,"ix":5},"nm":"Transform"}],"nm":"Group 5","np":2,"cix":2,"ix":5,"mn":"ADBE Vector Group","hd":false},{"ty":"gr","it":[{"ind":0,"ty":"sh","ix":1,"ks":{"a":0,"k":{"i":[[0,1.81],[-1.809,0],[0,-1.81],[1.809,0]],"o":[[0,-1.81],[1.809,0],[0,1.81],[-1.809,0]],"v":[[-3.276,0],[0,-3.276],[3.276,0],[0,3.276]],"c":true},"ix":2},"nm":"Path 1","mn":"ADBE Vector Shape - Group","hd":false},{"ty":"fl","c":{"a":0,"k":[0.976000019148,0.698000021542,0.046999998654,1],"ix":4},"o":{"a":0,"k":100,"ix":5},"r":1,"nm":"Fill 1","mn":"ADBE Vector Graphic - Fill","hd":false},{"ty":"tr","p":{"a":0,"k":[130.197,287.793],"ix":2},"a":{"a":0,"k":[0,0],"ix":1},"s":{"a":0,"k":[100,100],"ix":3},"r":{"a":0,"k":0,"ix":6},"o":{"a":0,"k":100,"ix":7},"sk":{"a":0,"k":0,"ix":4},"sa":{"a":0,"k":0,"ix":5},"nm":"Transform"}],"nm":"Group 6","np":2,"cix":2,"ix":6,"mn":"ADBE Vector Group","hd":false},{"ty":"gr","it":[{"ind":0,"ty":"sh","ix":1,"ks":{"a":0,"k":{"i":[[4.884,0],[0,0],[0,4.884],[0,0],[-4.884,0],[0,0],[0,-4.884],[0,0]],"o":[[0,0],[-4.884,0],[0,0],[0,-4.884],[0,0],[4.884,0],[0,0],[0,4.884]],"v":[[9.727,12.972],[-9.727,12.972],[-18.607,4.092],[-18.607,-4.092],[-9.727,-12.972],[9.727,-12.972],[18.607,-4.092],[18.607,4.092]],"c":true},"ix":2},"nm":"Path 1","mn":"ADBE Vector Shape - Group","hd":false},{"ty":"fl","c":{"a":0,"k":[1,0.795999983245,0.008000000785,1],"ix":4},"o":{"a":0,"k":100,"ix":5},"r":1,"nm":"Fill 1","mn":"ADBE Vector Graphic - Fill","hd":false},{"ty":"tr","p":{"a":0,"k":[130.197,281.013],"ix":2},"a":{"a":0,"k":[0,0],"ix":1},"s":{"a":0,"k":[100,100],"ix":3},"r":{"a":0,"k":0,"ix":6},"o":{"a":0,"k":100,"ix":7},"sk":{"a":0,"k":0,"ix":4},"sa":{"a":0,"k":0,"ix":5},"nm":"Transform"}],"nm":"Group 7","np":2,"cix":2,"ix":7,"mn":"ADBE Vector Group","hd":false},{"ty":"gr","it":[{"ind":0,"ty":"sh","ix":1,"ks":{"a":0,"k":{"i":[[4.884,0],[0,0],[0,4.885],[0,0],[-4.884,0],[0,0],[0,-4.884],[0,0]],"o":[[0,0],[-4.884,0],[0,0],[0,-4.884],[0,0],[4.884,0],[0,0],[0,4.885]],"v":[[9.727,25.972],[-9.727,25.972],[-18.607,17.091],[-18.607,-17.092],[-9.727,-25.972],[9.727,-25.972],[18.607,-17.092],[18.607,17.091]],"c":true},"ix":2},"nm":"Path 1","mn":"ADBE Vector Shape - Group","hd":false},{"ty":"fl","c":{"a":0,"k":[0.976000019148,0.698000021542,0.046999998654,1],"ix":4},"o":{"a":0,"k":100,"ix":5},"r":1,"nm":"Fill 1","mn":"ADBE Vector Graphic - Fill","hd":false},{"ty":"tr","p":{"a":0,"k":[130.197,293.986],"ix":2},"a":{"a":0,"k":[0,0],"ix":1},"s":{"a":0,"k":[100,100],"ix":3},"r":{"a":0,"k":0,"ix":6},"o":{"a":0,"k":100,"ix":7},"sk":{"a":0,"k":0,"ix":4},"sa":{"a":0,"k":0,"ix":5},"nm":"Transform"}],"nm":"Group 8","np":2,"cix":2,"ix":8,"mn":"ADBE Vector Group","hd":false},{"ty":"gr","it":[{"ind":0,"ty":"sh","ix":1,"ks":{"a":0,"k":{"i":[[0,0],[0,0],[7.665,-11.186],[0,0],[3.465,13.465],[0,0]],"o":[[0,0],[-3.63,14.012],[0,0],[-7.664,-11.186],[0,0],[0,0]],"v":[[-10.179,-18.603],[114.455,-18.603],[97.527,18.603],[-97.528,18.603],[-114.455,-18.603],[-79.184,-18.603]],"c":true},"ix":2},"nm":"Path 1","mn":"ADBE Vector Shape - Group","hd":false},{"ty":"fl","c":{"a":0,"k":[1,0.795999983245,0.008000000785,1],"ix":4},"o":{"a":0,"k":100,"ix":5},"r":1,"nm":"Fill 1","mn":"ADBE Vector Graphic - Fill","hd":false},{"ty":"tr","p":{"a":0,"k":[118.401,292.542],"ix":2},"a":{"a":0,"k":[0,0],"ix":1},"s":{"a":0,"k":[100,100],"ix":3},"r":{"a":0,"k":0,"ix":6},"o":{"a":0,"k":100,"ix":7},"sk":{"a":0,"k":0,"ix":4},"sa":{"a":0,"k":0,"ix":5},"nm":"Transform"}],"nm":"Group 9","np":2,"cix":2,"ix":9,"mn":"ADBE Vector Group","hd":false},{"ty":"gr","it":[{"ind":0,"ty":"sh","ix":1,"ks":{"a":0,"k":{"i":[[36.035,-20.278],[4.271,2.143],[52.788,65.816],[0,0],[-16.649,-13.07],[-13.13,-6.662],[11.203,-3.306],[0,0],[-7.727,4.076],[-34.604,36.849],[0,0]],"o":[[-3.145,-1.798],[-23.533,-11.81],[0,0],[16.247,18.047],[21.87,17.167],[-28.759,13.77],[0,0],[7.164,-3.319],[31.679,-16.707],[0,0],[-31.242,40.053]],"v":[[11.237,32.892],[0.186,27.121],[-118.151,-71.598],[-118.151,-33.708],[-68.732,13.061],[-15.427,46.75],[-79.182,71.598],[-10.179,71.598],[12.209,60.521],[118.151,-18.759],[118.151,-56.421]],"c":true},"ix":2},"nm":"Path 1","mn":"ADBE Vector Shape - Group","hd":false},{"ty":"fl","c":{"a":0,"k":[0.372999991623,0.372999991623,0.6,1],"ix":4},"o":{"a":0,"k":100,"ix":5},"r":1,"nm":"Fill 1","mn":"ADBE Vector Graphic - Fill","hd":false},{"ty":"tr","p":{"a":0,"k":[118.4,202.341],"ix":2},"a":{"a":0,"k":[0,0],"ix":1},"s":{"a":0,"k":[100,100],"ix":3},"r":{"a":0,"k":0,"ix":6},"o":{"a":0,"k":100,"ix":7},"sk":{"a":0,"k":0,"ix":4},"sa":{"a":0,"k":0,"ix":5},"nm":"Transform"}],"nm":"Group 10","np":2,"cix":2,"ix":10,"mn":"ADBE Vector Group","hd":false},{"ty":"gr","it":[{"ind":0,"ty":"sh","ix":1,"ks":{"a":0,"k":{"i":[[7.112,7.76],[0,0],[4.862,-9.434],[0,0]],"o":[[0,0],[-8.087,7.896],[0,0],[-4.862,-9.434]],"v":[[87.047,-12.949],[-87.046,-12.949],[-105.119,12.949],[105.119,12.949]],"c":true},"ix":2},"nm":"Path 1","mn":"ADBE Vector Shape - Group","hd":false},{"ty":"fl","c":{"a":0,"k":[1,0.337000020345,0.337000020345,1],"ix":4},"o":{"a":0,"k":100,"ix":5},"r":1,"nm":"Fill 1","mn":"ADBE Vector Graphic - Fill","hd":false},{"ty":"tr","p":{"a":0,"k":[118.401,51.676],"ix":2},"a":{"a":0,"k":[0,0],"ix":1},"s":{"a":0,"k":[100,100],"ix":3},"r":{"a":0,"k":0,"ix":6},"o":{"a":0,"k":100,"ix":7},"sk":{"a":0,"k":0,"ix":4},"sa":{"a":0,"k":0,"ix":5},"nm":"Transform"}],"nm":"Group 11","np":2,"cix":2,"ix":11,"mn":"ADBE Vector Group","hd":false},{"ty":"gr","it":[{"ind":0,"ty":"sh","ix":1,"ks":{"a":0,"k":{"i":[[0.616,0],[0.688,1.248],[-1.827,1.007],[-14.569,-8.021],[1.008,-1.828],[1.834,1.01],[12.286,-6.765]],"o":[[-1.333,0],[-1.006,-1.828],[14.568,-8.021],[1.828,1.005],[-1.005,1.824],[-12.286,-6.769],[-0.578,0.317]],"v":[[-21.442,7.283],[-24.755,5.328],[-23.268,0.196],[23.268,0.196],[24.754,5.328],[19.622,6.815],[-19.623,6.815]],"c":true},"ix":2},"nm":"Path 1","mn":"ADBE Vector Shape - Group","hd":false},{"ty":"fl","c":{"a":0,"k":[0.275,0.250999989229,0.438999998803,1],"ix":4},"o":{"a":0,"k":100,"ix":5},"r":1,"nm":"Fill 1","mn":"ADBE Vector Graphic - Fill","hd":false},{"ty":"tr","p":{"a":0,"k":[159.733,79.197],"ix":2},"a":{"a":0,"k":[0,0],"ix":1},"s":{"a":0,"k":[100,100],"ix":3},"r":{"a":0,"k":0,"ix":6},"o":{"a":0,"k":100,"ix":7},"sk":{"a":0,"k":0,"ix":4},"sa":{"a":0,"k":0,"ix":5},"nm":"Transform"}],"nm":"Group 12","np":2,"cix":2,"ix":12,"mn":"ADBE Vector Group","hd":false},{"ty":"gr","it":[{"ind":0,"ty":"sh","ix":1,"ks":{"a":0,"k":{"i":[[1.333,0],[0.578,0.319],[12.29,-6.767],[1.006,1.826],[-1.828,1.005],[-14.572,-8.021],[1.007,-1.828]],"o":[[-0.616,0],[-12.289,-6.767],[-1.827,1.01],[-1.007,-1.828],[14.571,-8.021],[1.827,1.005],[-0.688,1.248]],"v":[[21.442,7.283],[19.624,6.815],[-19.624,6.815],[-24.755,5.328],[-23.268,0.196],[23.269,0.196],[24.755,5.328]],"c":true},"ix":2},"nm":"Path 1","mn":"ADBE Vector Shape - Group","hd":false},{"ty":"fl","c":{"a":0,"k":[0.275,0.250999989229,0.438999998803,1],"ix":4},"o":{"a":0,"k":100,"ix":5},"r":1,"nm":"Fill 1","mn":"ADBE Vector Graphic - Fill","hd":false},{"ty":"tr","p":{"a":0,"k":[74.968,79.197],"ix":2},"a":{"a":0,"k":[0,0],"ix":1},"s":{"a":0,"k":[100,100],"ix":3},"r":{"a":0,"k":0,"ix":6},"o":{"a":0,"k":100,"ix":7},"sk":{"a":0,"k":0,"ix":4},"sa":{"a":0,"k":0,"ix":5},"nm":"Transform"}],"nm":"Group 13","np":2,"cix":2,"ix":13,"mn":"ADBE Vector Group","hd":false},{"ty":"gr","it":[{"ind":0,"ty":"sh","ix":1,"ks":{"a":0,"k":{"i":[[0,-23.519],[-30.275,0],[-29.943,0],[-25.856,0],[0,23.518],[23.519,0],[0,0]],"o":[[0,23.518],[25.856,0],[29.942,0],[30.274,0],[0,-23.518],[0,0],[-23.518,0]],"v":[[-98.808,0],[-56.224,42.584],[0.001,14.425],[56.225,42.584],[98.808,0],[56.225,-42.584],[-56.224,-42.584]],"c":true},"ix":2},"nm":"Path 1","mn":"ADBE Vector Shape - Group","hd":false},{"ty":"fl","c":{"a":0,"k":[0,0.705999995213,0.944999964097,1],"ix":4},"o":{"a":0,"k":100,"ix":5},"r":1,"nm":"Fill 1","mn":"ADBE Vector Graphic - Fill","hd":false},{"ty":"tr","p":{"a":0,"k":[118.401,103.436],"ix":2},"a":{"a":0,"k":[0,0],"ix":1},"s":{"a":0,"k":[100,100],"ix":3},"r":{"a":0,"k":0,"ix":6},"o":{"a":0,"k":100,"ix":7},"sk":{"a":0,"k":0,"ix":4},"sa":{"a":0,"k":0,"ix":5},"nm":"Transform"}],"nm":"Group 14","np":2,"cix":2,"ix":14,"mn":"ADBE Vector Group","hd":false},{"ty":"gr","it":[{"ind":0,"ty":"sh","ix":1,"ks":{"a":0,"k":{"i":[[-64.983,0],[0,0],[0,64.982],[0,0],[64.983,0],[0,-64.982],[0,0]],"o":[[0,0],[64.983,0],[0,0],[0,-64.982],[-64.983,0],[0,0],[0,64.982]],"v":[[0,181.283],[0,181.283],[118.15,63.133],[118.15,-63.133],[0,-181.283],[-118.15,-63.133],[-118.15,63.133]],"c":true},"ix":2},"nm":"Path 1","mn":"ADBE Vector Shape - Group","hd":false},{"ty":"fl","c":{"a":0,"k":[0.313999998803,0.310000011968,0.497999991623,1],"ix":4},"o":{"a":0,"k":100,"ix":5},"r":1,"nm":"Fill 1","mn":"ADBE Vector Graphic - Fill","hd":false},{"ty":"tr","p":{"a":0,"k":[118.401,181.533],"ix":2},"a":{"a":0,"k":[0,0],"ix":1},"s":{"a":0,"k":[100,100],"ix":3},"r":{"a":0,"k":0,"ix":6},"o":{"a":0,"k":100,"ix":7},"sk":{"a":0,"k":0,"ix":4},"sa":{"a":0,"k":0,"ix":5},"nm":"Transform"}],"nm":"Group 15","np":2,"cix":2,"ix":15,"mn":"ADBE Vector Group","hd":false}],"ip":0,"op":103.436770103437,"st":0,"bm":0},{"ddd":0,"ind":3,"ty":3,"nm":"Body","sr":1,"ks":{"o":{"a":0,"k":100,"ix":11},"r":{"a":0,"k":0,"ix":10},"p":{"a":1,"k":[{"i":{"x":0.667,"y":1},"o":{"x":0.333,"y":0},"n":"0p667_1_0p333_0","t":0,"s":[906,790,0],"e":[906,590,0],"to":[0,-33.3333320617676,0],"ti":[0,0,0]},{"i":{"x":0.667,"y":1},"o":{"x":0.333,"y":0},"n":"0p667_1_0p333_0","t":51.719,"s":[906,590,0],"e":[906,790,0],"to":[0,0,0],"ti":[0,-33.3333320617676,0]},{"t":100.1005859375}],"ix":2},"a":{"a":0,"k":[118.5,182,0],"ix":1},"s":{"a":0,"k":[200,200,100],"ix":6}},"ao":0,"ip":0,"op":103.436770103437,"st":0,"bm":0},{"ddd":0,"ind":4,"ty":4,"nm":"Stone 7/FloatingNinja Outlines","sr":1,"ks":{"o":{"a":0,"k":100,"ix":11},"r":{"a":1,"k":[{"i":{"x":[0.6],"y":[1]},"o":{"x":[0.4],"y":[0]},"n":["0p6_1_0p4_0"],"t":1.668,"s":[0],"e":[-10]},{"i":{"x":[0.6],"y":[1]},"o":{"x":[0.4],"y":[0]},"n":["0p6_1_0p4_0"],"t":50.05,"s":[-10],"e":[0]},{"t":98.431640625}],"ix":10},"p":{"a":1,"k":[{"i":{"x":0.7,"y":1},"o":{"x":0.3,"y":0},"n":"0p7_1_0p3_0","t":3.337,"s":[1606,1242,0],"e":[1606,922,0],"to":[0,0,0],"ti":[0,0,0]},{"i":{"x":0.7,"y":1},"o":{"x":0.3,"y":0},"n":"0p7_1_0p3_0","t":50.05,"s":[1606,922,0],"e":[1606,1242,0],"to":[0,0,0],"ti":[0,0,0]},{"t":100.1005859375}],"ix":2},"a":{"a":0,"k":[23,9,0],"ix":1},"s":{"a":0,"k":[200,200,100],"ix":6}},"ao":0,"shapes":[{"ty":"gr","it":[{"ind":0,"ty":"sh","ix":1,"ks":{"a":0,"k":{"i":[[-0.236,0.252],[0,0],[-0.252,-0.236],[0.236,-0.252],[0,0],[0.252,0.236]],"o":[[0,0],[0.236,-0.252],[0.252,0.236],[0,0],[-0.236,0.253],[-0.253,-0.237]],"v":[[-2.665,1.931],[1.753,-2.787],[2.636,-2.816],[2.666,-1.932],[-1.752,2.785],[-2.636,2.815]],"c":true},"ix":2},"nm":"Path 1","mn":"ADBE Vector Shape - Group","hd":false},{"ty":"fl","c":{"a":0,"k":[0.788000009574,0.313999998803,0.313999998803,1],"ix":4},"o":{"a":0,"k":100,"ix":5},"r":1,"nm":"Fill 1","mn":"ADBE Vector Graphic - Fill","hd":false},{"ty":"tr","p":{"a":0,"k":[22.929,5.516],"ix":2},"a":{"a":0,"k":[0,0],"ix":1},"s":{"a":0,"k":[100,100],"ix":3},"r":{"a":0,"k":0,"ix":6},"o":{"a":0,"k":100,"ix":7},"sk":{"a":0,"k":0,"ix":4},"sa":{"a":0,"k":0,"ix":5},"nm":"Transform"}],"nm":"Group 1","np":2,"cix":2,"ix":1,"mn":"ADBE Vector Group","hd":false},{"ty":"gr","it":[{"ind":0,"ty":"sh","ix":1,"ks":{"a":0,"k":{"i":[[-0.235,0.252],[0,0],[-0.252,-0.236],[0.236,-0.252],[0,0],[0.252,0.235]],"o":[[0,0],[0.236,-0.253],[0.253,0.236],[0,0],[-0.236,0.252],[-0.252,-0.237]],"v":[[-2.666,1.932],[1.752,-2.786],[2.636,-2.815],[2.665,-1.931],[-1.753,2.786],[-2.637,2.816]],"c":true},"ix":2},"nm":"Path 1","mn":"ADBE Vector Shape - Group","hd":false},{"ty":"fl","c":{"a":0,"k":[0.788000009574,0.313999998803,0.313999998803,1],"ix":4},"o":{"a":0,"k":100,"ix":5},"r":1,"nm":"Fill 1","mn":"ADBE Vector Graphic - Fill","hd":false},{"ty":"tr","p":{"a":0,"k":[31.206,5.244],"ix":2},"a":{"a":0,"k":[0,0],"ix":1},"s":{"a":0,"k":[100,100],"ix":3},"r":{"a":0,"k":0,"ix":6},"o":{"a":0,"k":100,"ix":7},"sk":{"a":0,"k":0,"ix":4},"sa":{"a":0,"k":0,"ix":5},"nm":"Transform"}],"nm":"Group 2","np":2,"cix":2,"ix":2,"mn":"ADBE Vector Group","hd":false},{"ty":"gr","it":[{"ind":0,"ty":"sh","ix":1,"ks":{"a":0,"k":{"i":[[-0.236,0.252],[-0.252,-0.237],[0,0],[0.236,-0.251],[0.252,0.236],[0,0]],"o":[[0.236,-0.253],[0,0],[0.252,0.236],[-0.236,0.252],[0,0],[-0.253,-0.237]],"v":[[-2.815,-2.636],[-1.932,-2.665],[2.786,1.753],[2.816,2.636],[1.932,2.666],[-2.786,-1.752]],"c":true},"ix":2},"nm":"Path 1","mn":"ADBE Vector Shape - Group","hd":false},{"ty":"fl","c":{"a":0,"k":[0.788000009574,0.313999998803,0.313999998803,1],"ix":4},"o":{"a":0,"k":100,"ix":5},"r":1,"nm":"Fill 1","mn":"ADBE Vector Graphic - Fill","hd":false},{"ty":"tr","p":{"a":0,"k":[23.104,10.832],"ix":2},"a":{"a":0,"k":[0,0],"ix":1},"s":{"a":0,"k":[100,100],"ix":3},"r":{"a":0,"k":0,"ix":6},"o":{"a":0,"k":100,"ix":7},"sk":{"a":0,"k":0,"ix":4},"sa":{"a":0,"k":0,"ix":5},"nm":"Transform"}],"nm":"Group 3","np":2,"cix":2,"ix":3,"mn":"ADBE Vector Group","hd":false},{"ty":"gr","it":[{"ind":0,"ty":"sh","ix":1,"ks":{"a":0,"k":{"i":[[-0.235,0.252],[-0.253,-0.237],[0,0],[0.236,-0.251],[0.252,0.236],[0,0]],"o":[[0.236,-0.253],[0,0],[0.251,0.236],[-0.235,0.252],[0,0],[-0.252,-0.237]],"v":[[-2.816,-2.636],[-1.931,-2.665],[2.787,1.753],[2.815,2.636],[1.931,2.666],[-2.787,-1.752]],"c":true},"ix":2},"nm":"Path 1","mn":"ADBE Vector Shape - Group","hd":false},{"ty":"fl","c":{"a":0,"k":[0.788000009574,0.313999998803,0.313999998803,1],"ix":4},"o":{"a":0,"k":100,"ix":5},"r":1,"nm":"Fill 1","mn":"ADBE Vector Graphic - Fill","hd":false},{"ty":"tr","p":{"a":0,"k":[31.381,10.56],"ix":2},"a":{"a":0,"k":[0,0],"ix":1},"s":{"a":0,"k":[100,100],"ix":3},"r":{"a":0,"k":0,"ix":6},"o":{"a":0,"k":100,"ix":7},"sk":{"a":0,"k":0,"ix":4},"sa":{"a":0,"k":0,"ix":5},"nm":"Transform"}],"nm":"Group 4","np":2,"cix":2,"ix":4,"mn":"ADBE Vector Group","hd":false},{"ty":"gr","it":[{"ind":0,"ty":"sh","ix":1,"ks":{"a":0,"k":{"i":[[-0.219,0.233],[-0.345,0.012],[0,0],[-0.023,-0.691],[0.69,-0.023],[0,0],[0.023,0.69]],"o":[[0.219,-0.234],[0,0],[0.69,-0.023],[0.022,0.69],[0,0],[-0.69,0.023],[-0.011,-0.345]],"v":[[-19.427,-0.247],[-18.555,-0.643],[18.462,-1.857],[19.753,-0.648],[18.544,0.643],[-18.473,1.857],[-19.764,0.649]],"c":true},"ix":2},"nm":"Path 1","mn":"ADBE Vector Shape - Group","hd":false},{"ty":"fl","c":{"a":0,"k":[0.788000009574,0.313999998803,0.313999998803,1],"ix":4},"o":{"a":0,"k":100,"ix":5},"r":1,"nm":"Fill 1","mn":"ADBE Vector Graphic - Fill","hd":false},{"ty":"tr","p":{"a":0,"k":[20.025,8.332],"ix":2},"a":{"a":0,"k":[0,0],"ix":1},"s":{"a":0,"k":[100,100],"ix":3},"r":{"a":0,"k":0,"ix":6},"o":{"a":0,"k":100,"ix":7},"sk":{"a":0,"k":0,"ix":4},"sa":{"a":0,"k":0,"ix":5},"nm":"Transform"}],"nm":"Group 5","np":2,"cix":2,"ix":5,"mn":"ADBE Vector Group","hd":false},{"ty":"gr","it":[{"ind":0,"ty":"sh","ix":1,"ks":{"a":0,"k":{"i":[[-4.74,1.484],[4.74,-1.483]],"o":[[-4.827,-1.169],[4.827,1.17]],"v":[[7.312,-1.052],[-7.311,-0.572]],"c":true},"ix":2},"nm":"Path 1","mn":"ADBE Vector Shape - Group","hd":false},{"ind":1,"ty":"sh","ix":2,"ks":{"a":0,"k":{"i":[[-6.033,0.198],[-5.454,-2.984],[-0.283,-0.809],[1.276,-0.819],[10.949,5.991],[0.282,0.807],[-1.276,0.819]],"o":[[5.988,-0.197],[0.752,0.412],[0.532,1.52],[-10.512,6.741],[-0.751,-0.411],[-0.534,-1.522],[5.275,-3.382]],"v":[[-0.251,-8.491],[17.231,-4.322],[18.885,-2.457],[17.54,1.487],[-17.232,2.698],[-18.883,0.836],[-17.539,-3.111]],"c":true},"ix":2},"nm":"Path 2","mn":"ADBE Vector Shape - Group","hd":false},{"ty":"mm","mm":1,"nm":"Merge Paths 1","mn":"ADBE Vector Filter - Merge","hd":false},{"ty":"fl","c":{"a":0,"k":[0.969000004787,0.340999977261,0.340999977261,1],"ix":4},"o":{"a":0,"k":100,"ix":5},"r":1,"nm":"Fill 1","mn":"ADBE Vector Graphic - Fill","hd":false},{"ty":"tr","p":{"a":0,"k":[26.267,8.939],"ix":2},"a":{"a":0,"k":[0,0],"ix":1},"s":{"a":0,"k":[100,100],"ix":3},"r":{"a":0,"k":0,"ix":6},"o":{"a":0,"k":100,"ix":7},"sk":{"a":0,"k":0,"ix":4},"sa":{"a":0,"k":0,"ix":5},"nm":"Transform"}],"nm":"Group 6","np":4,"cix":2,"ix":6,"mn":"ADBE Vector Group","hd":false},{"ty":"gr","it":[{"ind":0,"ty":"sh","ix":1,"ks":{"a":0,"k":{"i":[[-9.505,6.095],[0,0],[9.505,-6.095]],"o":[[0,0],[-9.884,-5.458],[9.884,5.458]],"v":[[15.735,-0.517],[15.735,-0.517],[-15.735,0.516]],"c":true},"ix":2},"nm":"Path 1","mn":"ADBE Vector Shape - Group","hd":false},{"ty":"fl","c":{"a":0,"k":[0.969000004787,0.340999977261,0.340999977261,1],"ix":4},"o":{"a":0,"k":100,"ix":5},"r":1,"nm":"Fill 1","mn":"ADBE Vector Graphic - Fill","hd":false},{"ty":"tr","p":{"a":0,"k":[26.268,8.127],"ix":2},"a":{"a":0,"k":[0,0],"ix":1},"s":{"a":0,"k":[100,100],"ix":3},"r":{"a":0,"k":0,"ix":6},"o":{"a":0,"k":100,"ix":7},"sk":{"a":0,"k":0,"ix":4},"sa":{"a":0,"k":0,"ix":5},"nm":"Transform"}],"nm":"Group 7","np":2,"cix":2,"ix":7,"mn":"ADBE Vector Group","hd":false}],"ip":0,"op":103.436770103437,"st":0,"bm":0},{"ddd":0,"ind":6,"ty":4,"nm":"Stone 6/FloatingNinja Outlines","sr":1,"ks":{"o":{"a":0,"k":100,"ix":11},"r":{"a":1,"k":[{"i":{"x":[0.6],"y":[1]},"o":{"x":[0.4],"y":[0]},"n":["0p6_1_0p4_0"],"t":3.337,"s":[0],"e":[-20]},{"i":{"x":[0.6],"y":[1]},"o":{"x":[0.4],"y":[0]},"n":["0p6_1_0p4_0"],"t":51.719,"s":[-20],"e":[0]},{"t":100.1005859375}],"ix":10},"p":{"a":1,"k":[{"i":{"x":0.7,"y":1},"o":{"x":0.3,"y":0},"n":"0p7_1_0p3_0","t":3.337,"s":[1670,890,0],"e":[1670,570,0],"to":[0,0,0],"ti":[0,0,0]},{"i":{"x":0.7,"y":1},"o":{"x":0.3,"y":0},"n":"0p7_1_0p3_0","t":50.05,"s":[1670,570,0],"e":[1670,890,0],"to":[0,0,0],"ti":[0,0,0]},{"t":100.1005859375}],"ix":2},"a":{"a":0,"k":[44,66,0],"ix":1},"s":{"a":0,"k":[200,200,100],"ix":6}},"ao":0,"shapes":[{"ty":"gr","it":[{"ind":0,"ty":"sh","ix":1,"ks":{"a":0,"k":{"i":[[1.805,-0.652],[0,0],[0.682,0.728],[0,0],[-0.863,0.965],[0,0],[-0.635,0.054],[0,0],[-0.507,-0.429]],"o":[[0,0],[-0.939,0.34],[0,0],[-0.885,-0.945],[0,0],[0.425,-0.476],[0,0],[0.661,-0.056],[1.462,1.242]],"v":[[5.129,0.804],[-3.023,3.748],[-5.694,3.107],[-6.458,2.292],[-6.496,-1.082],[-5.159,-2.575],[-3.507,-3.398],[4.072,-4.033],[5.897,-3.449]],"c":true},"ix":2},"nm":"Path 1","mn":"ADBE Vector Shape - Group","hd":false},{"ty":"fl","c":{"a":0,"k":[0.501999978458,0.501999978458,0.501999978458,1],"ix":4},"o":{"a":0,"k":100,"ix":5},"r":1,"nm":"Fill 1","mn":"ADBE Vector Graphic - Fill","hd":false},{"ty":"tr","p":{"a":0,"k":[79.688,4.339],"ix":2},"a":{"a":0,"k":[0,0],"ix":1},"s":{"a":0,"k":[100,100],"ix":3},"r":{"a":0,"k":0,"ix":6},"o":{"a":0,"k":100,"ix":7},"sk":{"a":0,"k":0,"ix":4},"sa":{"a":0,"k":0,"ix":5},"nm":"Transform"}],"nm":"Group 1","np":2,"cix":2,"ix":1,"mn":"ADBE Vector Group","hd":false},{"ty":"gr","it":[{"ind":0,"ty":"sh","ix":1,"ks":{"a":0,"k":{"i":[[0,0.346],[0,0],[-0.346,0],[0,-0.346],[0,0],[0.346,0]],"o":[[0,0],[0,-0.346],[0.346,0],[0,0],[0,0.346],[-0.346,0]],"v":[[-0.625,3.232],[-0.625,-3.231],[0,-3.857],[0.625,-3.231],[0.625,3.232],[0,3.857]],"c":true},"ix":2},"nm":"Path 1","mn":"ADBE Vector Shape - Group","hd":false},{"ty":"fl","c":{"a":0,"k":[0.788000009574,0.313999998803,0.313999998803,1],"ix":4},"o":{"a":0,"k":100,"ix":5},"r":1,"nm":"Fill 1","mn":"ADBE Vector Graphic - Fill","hd":false},{"ty":"tr","p":{"a":0,"k":[14.794,113.063],"ix":2},"a":{"a":0,"k":[0,0],"ix":1},"s":{"a":0,"k":[100,100],"ix":3},"r":{"a":0,"k":0,"ix":6},"o":{"a":0,"k":100,"ix":7},"sk":{"a":0,"k":0,"ix":4},"sa":{"a":0,"k":0,"ix":5},"nm":"Transform"}],"nm":"Group 2","np":2,"cix":2,"ix":2,"mn":"ADBE Vector Group","hd":false},{"ty":"gr","it":[{"ind":0,"ty":"sh","ix":1,"ks":{"a":0,"k":{"i":[[0,0.346],[0,0],[-0.346,0],[0,-0.346],[0,0],[0.346,0]],"o":[[0,0],[0,-0.346],[0.346,0],[0,0],[0,0.346],[-0.346,0]],"v":[[-0.625,3.232],[-0.625,-3.231],[0,-3.857],[0.625,-3.231],[0.625,3.232],[0,3.857]],"c":true},"ix":2},"nm":"Path 1","mn":"ADBE Vector Shape - Group","hd":false},{"ty":"fl","c":{"a":0,"k":[0.788000009574,0.313999998803,0.313999998803,1],"ix":4},"o":{"a":0,"k":100,"ix":5},"r":1,"nm":"Fill 1","mn":"ADBE Vector Graphic - Fill","hd":false},{"ty":"tr","p":{"a":0,"k":[20.65,107.207],"ix":2},"a":{"a":0,"k":[0,0],"ix":1},"s":{"a":0,"k":[100,100],"ix":3},"r":{"a":0,"k":0,"ix":6},"o":{"a":0,"k":100,"ix":7},"sk":{"a":0,"k":0,"ix":4},"sa":{"a":0,"k":0,"ix":5},"nm":"Transform"}],"nm":"Group 3","np":2,"cix":2,"ix":3,"mn":"ADBE Vector Group","hd":false},{"ty":"gr","it":[{"ind":0,"ty":"sh","ix":1,"ks":{"a":0,"k":{"i":[[0,0.345],[-0.346,0],[0,0],[0,-0.346],[0.346,0],[0,0]],"o":[[0,-0.346],[0,0],[0.346,0],[0,0.345],[0,0],[-0.346,0]],"v":[[-3.857,0],[-3.232,-0.625],[3.232,-0.625],[3.857,0],[3.232,0.625],[-3.232,0.625]],"c":true},"ix":2},"nm":"Path 1","mn":"ADBE Vector Shape - Group","hd":false},{"ty":"fl","c":{"a":0,"k":[0.788000009574,0.313999998803,0.313999998803,1],"ix":4},"o":{"a":0,"k":100,"ix":5},"r":1,"nm":"Fill 1","mn":"ADBE Vector Graphic - Fill","hd":false},{"ty":"tr","p":{"a":0,"k":[18.555,116.825],"ix":2},"a":{"a":0,"k":[0,0],"ix":1},"s":{"a":0,"k":[100,100],"ix":3},"r":{"a":0,"k":0,"ix":6},"o":{"a":0,"k":100,"ix":7},"sk":{"a":0,"k":0,"ix":4},"sa":{"a":0,"k":0,"ix":5},"nm":"Transform"}],"nm":"Group 4","np":2,"cix":2,"ix":4,"mn":"ADBE Vector Group","hd":false},{"ty":"gr","it":[{"ind":0,"ty":"sh","ix":1,"ks":{"a":0,"k":{"i":[[0,0.346],[-0.346,0],[0,0],[0,-0.345],[0.345,0],[0,0]],"o":[[0,-0.345],[0,0],[0.345,0],[0,0.346],[0,0],[-0.346,0]],"v":[[-3.857,0],[-3.232,-0.625],[3.232,-0.625],[3.857,0],[3.232,0.625],[-3.232,0.625]],"c":true},"ix":2},"nm":"Path 1","mn":"ADBE Vector Shape - Group","hd":false},{"ty":"fl","c":{"a":0,"k":[0.788000009574,0.313999998803,0.313999998803,1],"ix":4},"o":{"a":0,"k":100,"ix":5},"r":1,"nm":"Fill 1","mn":"ADBE Vector Graphic - Fill","hd":false},{"ty":"tr","p":{"a":0,"k":[24.411,110.969],"ix":2},"a":{"a":0,"k":[0,0],"ix":1},"s":{"a":0,"k":[100,100],"ix":3},"r":{"a":0,"k":0,"ix":6},"o":{"a":0,"k":100,"ix":7},"sk":{"a":0,"k":0,"ix":4},"sa":{"a":0,"k":0,"ix":5},"nm":"Transform"}],"nm":"Group 5","np":2,"cix":2,"ix":5,"mn":"ADBE Vector Group","hd":false},{"ty":"gr","it":[{"ind":0,"ty":"sh","ix":1,"ks":{"a":0,"k":{"i":[[0,0.32],[-0.244,0.244],[0,0],[-0.488,-0.488],[0.488,-0.488],[0,0],[0.488,0.488]],"o":[[0,-0.32],[0,0],[0.488,-0.488],[0.488,0.489],[0,0],[-0.489,0.488],[-0.244,-0.245]],"v":[[-14.406,13.094],[-14.04,12.21],[12.15,-13.98],[13.918,-13.98],[13.918,-12.211],[-12.271,13.979],[-14.04,13.979]],"c":true},"ix":2},"nm":"Path 1","mn":"ADBE Vector Shape - Group","hd":false},{"ty":"fl","c":{"a":0,"k":[0.788000009574,0.313999998803,0.313999998803,1],"ix":4},"o":{"a":0,"k":100,"ix":5},"r":1,"nm":"Fill 1","mn":"ADBE Vector Graphic - Fill","hd":false},{"ty":"tr","p":{"a":0,"k":[14.656,117.108],"ix":2},"a":{"a":0,"k":[0,0],"ix":1},"s":{"a":0,"k":[100,100],"ix":3},"r":{"a":0,"k":0,"ix":6},"o":{"a":0,"k":100,"ix":7},"sk":{"a":0,"k":0,"ix":4},"sa":{"a":0,"k":0,"ix":5},"nm":"Transform"}],"nm":"Group 6","np":2,"cix":2,"ix":6,"mn":"ADBE Vector Group","hd":false},{"ty":"gr","it":[{"ind":0,"ty":"sh","ix":1,"ks":{"a":0,"k":{"i":[[-2.445,4.323],[2.447,-4.323]],"o":[[-4.322,2.446],[4.324,-2.446]],"v":[[5.173,-5.174],[-5.173,5.172]],"c":true},"ix":2},"nm":"Path 1","mn":"ADBE Vector Shape - Group","hd":false},{"ind":1,"ty":"sh","ix":2,"ks":{"a":0,"k":{"i":[[-4.268,4.268],[-6.021,1.55],[-0.759,-0.397],[0.372,-1.47],[12.088,-3.111],[0.759,0.396],[-0.373,1.47]],"o":[[4.236,-4.237],[0.83,-0.213],[1.428,0.747],[-3.065,12.106],[-0.829,0.214],[-1.429,-0.747],[1.538,-6.075]],"v":[[-5.433,-5.435],[10.178,-14.341],[12.659,-14.111],[14.374,-10.311],[-10.181,14.339],[-12.658,14.109],[-14.373,10.31]],"c":true},"ix":2},"nm":"Path 2","mn":"ADBE Vector Shape - Group","hd":false},{"ty":"mm","mm":1,"nm":"Merge Paths 1","mn":"ADBE Vector Filter - Merge","hd":false},{"ty":"fl","c":{"a":0,"k":[0.969000004787,0.340999977261,0.340999977261,1],"ix":4},"o":{"a":0,"k":100,"ix":5},"r":1,"nm":"Fill 1","mn":"ADBE Vector Graphic - Fill","hd":false},{"ty":"tr","p":{"a":0,"k":[19.015,112.688],"ix":2},"a":{"a":0,"k":[0,0],"ix":1},"s":{"a":0,"k":[100,100],"ix":3},"r":{"a":0,"k":0,"ix":6},"o":{"a":0,"k":100,"ix":7},"sk":{"a":0,"k":0,"ix":4},"sa":{"a":0,"k":0,"ix":5},"nm":"Transform"}],"nm":"Group 7","np":4,"cix":2,"ix":7,"mn":"ADBE Vector Group","hd":false},{"ty":"gr","it":[{"ind":0,"ty":"sh","ix":1,"ks":{"a":0,"k":{"i":[[-2.771,10.946],[0,0],[2.772,-10.946]],"o":[[0,0],[-10.945,2.771],[10.946,-2.772]],"v":[[11.132,-11.132],[11.132,-11.132],[-11.132,11.132]],"c":true},"ix":2},"nm":"Path 1","mn":"ADBE Vector Shape - Group","hd":false},{"ty":"fl","c":{"a":0,"k":[0.969000004787,0.340999977261,0.340999977261,1],"ix":4},"o":{"a":0,"k":100,"ix":5},"r":1,"nm":"Fill 1","mn":"ADBE Vector Graphic - Fill","hd":false},{"ty":"tr","p":{"a":0,"k":[19.015,112.688],"ix":2},"a":{"a":0,"k":[0,0],"ix":1},"s":{"a":0,"k":[100,100],"ix":3},"r":{"a":0,"k":0,"ix":6},"o":{"a":0,"k":100,"ix":7},"sk":{"a":0,"k":0,"ix":4},"sa":{"a":0,"k":0,"ix":5},"nm":"Transform"}],"nm":"Group 8","np":2,"cix":2,"ix":8,"mn":"ADBE Vector Group","hd":false}],"ip":0,"op":103.436770103437,"st":0,"bm":0},{"ddd":0,"ind":8,"ty":4,"nm":"Stone 5/FloatingNinja Outlines","sr":1,"ks":{"o":{"a":0,"k":100,"ix":11},"r":{"a":1,"k":[{"i":{"x":[0.6],"y":[1]},"o":{"x":[0.4],"y":[0]},"n":["0p6_1_0p4_0"],"t":3.337,"s":[0],"e":[20]},{"i":{"x":[0.6],"y":[1]},"o":{"x":[0.4],"y":[0]},"n":["0p6_1_0p4_0"],"t":51.719,"s":[20],"e":[0]},{"t":100.1005859375}],"ix":10},"p":{"a":1,"k":[{"i":{"x":0.7,"y":1},"o":{"x":0.3,"y":0},"n":"0p7_1_0p3_0","t":6.674,"s":[1422,542,0],"e":[1422,262,0],"to":[0,0,0],"ti":[0,0,0]},{"i":{"x":0.7,"y":1},"o":{"x":0.3,"y":0},"n":"0p7_1_0p3_0","t":53.387,"s":[1422,262,0],"e":[1422,542,0],"to":[0,0,0],"ti":[0,0,0]},{"t":103.4365234375}],"ix":2},"a":{"a":0,"k":[48,53,0],"ix":1},"s":{"a":0,"k":[200,200,100],"ix":6}},"ao":0,"shapes":[{"ty":"gr","it":[{"ind":0,"ty":"sh","ix":1,"ks":{"a":0,"k":{"i":[[-2.719,-0.365],[0,0],[-0.384,-1.374],[0,0],[1.732,-0.652],[0,0],[0.841,0.352],[0,0],[0.357,0.88]],"o":[[0,0],[1.414,0.19],[0,0],[0.498,1.782],[0,0],[-0.853,0.321],[0,0],[-0.875,-0.367],[-1.035,-2.54]],"v":[[-5.678,-5.518],[6.604,-3.868],[9.567,-1.29],[9.996,0.249],[7.818,4.55],[5.135,5.562],[2.497,5.514],[-7.532,1.314],[-9.459,-0.633]],"c":true},"ix":2},"nm":"Path 1","mn":"ADBE Vector Shape - Group","hd":false},{"ty":"fl","c":{"a":0,"k":[0.501999978458,0.501999978458,0.501999978458,1],"ix":4},"o":{"a":0,"k":100,"ix":5},"r":1,"nm":"Fill 1","mn":"ADBE Vector Graphic - Fill","hd":false},{"ty":"tr","p":{"a":0,"k":[85.206,52.774],"ix":2},"a":{"a":0,"k":[0,0],"ix":1},"s":{"a":0,"k":[100,100],"ix":3},"r":{"a":0,"k":0,"ix":6},"o":{"a":0,"k":100,"ix":7},"sk":{"a":0,"k":0,"ix":4},"sa":{"a":0,"k":0,"ix":5},"nm":"Transform"}],"nm":"Group 1","np":2,"cix":2,"ix":1,"mn":"ADBE Vector Group","hd":false},{"ty":"gr","it":[{"ind":0,"ty":"sh","ix":1,"ks":{"a":0,"k":{"i":[[-1.378,0.004],[0,0],[-0.004,-0.972],[0,0],[0.723,-0.24],[0,0],[0.33,0.889],[0,0],[0.061,0.1]],"o":[[0,0],[0.972,-0.004],[0,0],[0.003,0.762],[0,0],[-0.9,0.299],[0,0],[-0.041,-0.11],[-0.726,-1.17]],"v":[[-0.705,-3.526],[1.141,-3.532],[2.907,-1.778],[2.918,1.378],[1.711,3.056],[1.164,3.237],[-1.041,2.178],[-2.041,-0.522],[-2.195,-0.838]],"c":true},"ix":2},"nm":"Path 1","mn":"ADBE Vector Shape - Group","hd":false},{"ty":"fl","c":{"a":0,"k":[0.501999978458,0.501999978458,0.501999978458,1],"ix":4},"o":{"a":0,"k":100,"ix":5},"r":1,"nm":"Fill 1","mn":"ADBE Vector Graphic - Fill","hd":false},{"ty":"tr","p":{"a":0,"k":[3.171,3.786],"ix":2},"a":{"a":0,"k":[0,0],"ix":1},"s":{"a":0,"k":[100,100],"ix":3},"r":{"a":0,"k":0,"ix":6},"o":{"a":0,"k":100,"ix":7},"sk":{"a":0,"k":0,"ix":4},"sa":{"a":0,"k":0,"ix":5},"nm":"Transform"}],"nm":"Group 2","np":2,"cix":2,"ix":2,"mn":"ADBE Vector Group","hd":false},{"ty":"gr","it":[{"ind":0,"ty":"sh","ix":1,"ks":{"a":0,"k":{"i":[[-0.108,0.144],[0,0],[-0.144,-0.108],[0.107,-0.143],[0,0],[0.144,0.108]],"o":[[0,0],[0.108,-0.144],[0.144,0.109],[0,0],[-0.109,0.144],[-0.143,-0.108]],"v":[[-1.271,1.149],[0.752,-1.54],[1.207,-1.605],[1.273,-1.149],[-0.75,1.541],[-1.207,1.606]],"c":true},"ix":2},"nm":"Path 1","mn":"ADBE Vector Shape - Group","hd":false},{"ty":"fl","c":{"a":0,"k":[0.788000009574,0.313999998803,0.313999998803,1],"ix":4},"o":{"a":0,"k":100,"ix":5},"r":1,"nm":"Fill 1","mn":"ADBE Vector Graphic - Fill","hd":false},{"ty":"tr","p":{"a":0,"k":[36.288,98.807],"ix":2},"a":{"a":0,"k":[0,0],"ix":1},"s":{"a":0,"k":[100,100],"ix":3},"r":{"a":0,"k":0,"ix":6},"o":{"a":0,"k":100,"ix":7},"sk":{"a":0,"k":0,"ix":4},"sa":{"a":0,"k":0,"ix":5},"nm":"Transform"}],"nm":"Group 3","np":2,"cix":2,"ix":3,"mn":"ADBE Vector Group","hd":false},{"ty":"gr","it":[{"ind":0,"ty":"sh","ix":1,"ks":{"a":0,"k":{"i":[[-0.107,0.144],[0,0],[-0.143,-0.108],[0.108,-0.144],[0,0],[0.145,0.108]],"o":[[0,0],[0.109,-0.143],[0.144,0.108],[0,0],[-0.108,0.143],[-0.143,-0.108]],"v":[[-1.272,1.149],[0.75,-1.541],[1.206,-1.605],[1.271,-1.149],[-0.751,1.541],[-1.208,1.605]],"c":true},"ix":2},"nm":"Path 1","mn":"ADBE Vector Shape - Group","hd":false},{"ty":"fl","c":{"a":0,"k":[0.788000009574,0.313999998803,0.313999998803,1],"ix":4},"o":{"a":0,"k":100,"ix":5},"r":1,"nm":"Fill 1","mn":"ADBE Vector Graphic - Fill","hd":false},{"ty":"tr","p":{"a":0,"k":[40.559,98.203],"ix":2},"a":{"a":0,"k":[0,0],"ix":1},"s":{"a":0,"k":[100,100],"ix":3},"r":{"a":0,"k":0,"ix":6},"o":{"a":0,"k":100,"ix":7},"sk":{"a":0,"k":0,"ix":4},"sa":{"a":0,"k":0,"ix":5},"nm":"Transform"}],"nm":"Group 4","np":2,"cix":2,"ix":4,"mn":"ADBE Vector Group","hd":false},{"ty":"gr","it":[{"ind":0,"ty":"sh","ix":1,"ks":{"a":0,"k":{"i":[[-0.108,0.144],[-0.144,-0.108],[0,0],[0.108,-0.144],[0.144,0.108],[0,0]],"o":[[0.108,-0.144],[0,0],[0.144,0.108],[-0.107,0.144],[0,0],[-0.143,-0.108]],"v":[[-1.605,-1.208],[-1.149,-1.271],[1.541,0.752],[1.605,1.208],[1.149,1.271],[-1.541,-0.751]],"c":true},"ix":2},"nm":"Path 1","mn":"ADBE Vector Shape - Group","hd":false},{"ty":"fl","c":{"a":0,"k":[0.788000009574,0.313999998803,0.313999998803,1],"ix":4},"o":{"a":0,"k":100,"ix":5},"r":1,"nm":"Fill 1","mn":"ADBE Vector Graphic - Fill","hd":false},{"ty":"tr","p":{"a":0,"k":[36.676,101.549],"ix":2},"a":{"a":0,"k":[0,0],"ix":1},"s":{"a":0,"k":[100,100],"ix":3},"r":{"a":0,"k":0,"ix":6},"o":{"a":0,"k":100,"ix":7},"sk":{"a":0,"k":0,"ix":4},"sa":{"a":0,"k":0,"ix":5},"nm":"Transform"}],"nm":"Group 5","np":2,"cix":2,"ix":5,"mn":"ADBE Vector Group","hd":false},{"ty":"gr","it":[{"ind":0,"ty":"sh","ix":1,"ks":{"a":0,"k":{"i":[[-0.107,0.144],[-0.144,-0.108],[0,0],[0.108,-0.144],[0.143,0.108],[0,0]],"o":[[0.108,-0.144],[0,0],[0.144,0.109],[-0.108,0.144],[0,0],[-0.143,-0.108]],"v":[[-1.606,-1.208],[-1.15,-1.271],[1.54,0.75],[1.605,1.208],[1.149,1.271],[-1.542,-0.751]],"c":true},"ix":2},"nm":"Path 1","mn":"ADBE Vector Shape - Group","hd":false},{"ty":"fl","c":{"a":0,"k":[0.788000009574,0.313999998803,0.313999998803,1],"ix":4},"o":{"a":0,"k":100,"ix":5},"r":1,"nm":"Fill 1","mn":"ADBE Vector Graphic - Fill","hd":false},{"ty":"tr","p":{"a":0,"k":[40.947,100.945],"ix":2},"a":{"a":0,"k":[0,0],"ix":1},"s":{"a":0,"k":[100,100],"ix":3},"r":{"a":0,"k":0,"ix":6},"o":{"a":0,"k":100,"ix":7},"sk":{"a":0,"k":0,"ix":4},"sa":{"a":0,"k":0,"ix":5},"nm":"Transform"}],"nm":"Group 6","np":2,"cix":2,"ix":6,"mn":"ADBE Vector Group","hd":false},{"ty":"gr","it":[{"ind":0,"ty":"sh","ix":1,"ks":{"a":0,"k":{"i":[[-0.101,0.133],[-0.179,0.024],[0,0],[-0.05,-0.356],[0.356,-0.05],[0,0],[0.05,0.356]],"o":[[0.101,-0.133],[0,0],[0.357,-0.05],[0.05,0.357],[0,0],[-0.355,0.051],[-0.025,-0.178]],"v":[[-10.081,0.959],[-9.651,0.706],[9.443,-1.997],[10.181,-1.443],[9.626,-0.706],[-9.47,1.995],[-10.205,1.443]],"c":true},"ix":2},"nm":"Path 1","mn":"ADBE Vector Shape - Group","hd":false},{"ty":"fl","c":{"a":0,"k":[0.788000009574,0.313999998803,0.313999998803,1],"ix":4},"o":{"a":0,"k":100,"ix":5},"r":1,"nm":"Fill 1","mn":"ADBE Vector Graphic - Fill","hd":false},{"ty":"tr","p":{"a":0,"k":[34.953,100.428],"ix":2},"a":{"a":0,"k":[0,0],"ix":1},"s":{"a":0,"k":[100,100],"ix":3},"r":{"a":0,"k":0,"ix":6},"o":{"a":0,"k":100,"ix":7},"sk":{"a":0,"k":0,"ix":4},"sa":{"a":0,"k":0,"ix":5},"nm":"Transform"}],"nm":"Group 7","np":2,"cix":2,"ix":7,"mn":"ADBE Vector Group","hd":false},{"ty":"gr","it":[{"ind":0,"ty":"sh","ix":1,"ks":{"a":0,"k":{"i":[[-2.37,1.034],[2.37,-1.033]],"o":[[-2.564,-0.335],[2.564,0.335]],"v":[[3.771,-0.969],[-3.772,0.098]],"c":true},"ix":2},"nm":"Path 1","mn":"ADBE Vector Shape - Group","hd":false},{"ind":1,"ty":"sh","ix":2,"ks":{"a":0,"k":{"i":[[-3.112,0.441],[-2.99,-1.239],[-0.191,-0.403],[0.616,-0.495],[6.005,2.489],[0.191,0.403],[-0.616,0.495]],"o":[[3.089,-0.437],[0.413,0.171],[0.361,0.757],[-5.064,4.079],[-0.411,-0.17],[-0.36,-0.757],[2.541,-2.047]],"v":[[-0.561,-4.398],[8.723,-3.218],[9.684,-2.345],[9.208,-0.228],[-8.726,2.346],[-9.685,1.474],[-9.209,-0.643]],"c":true},"ix":2},"nm":"Path 2","mn":"ADBE Vector Shape - Group","hd":false},{"ty":"mm","mm":1,"nm":"Merge Paths 1","mn":"ADBE Vector Filter - Merge","hd":false},{"ty":"fl","c":{"a":0,"k":[0.969000004787,0.340999977261,0.340999977261,1],"ix":4},"o":{"a":0,"k":100,"ix":5},"r":1,"nm":"Fill 1","mn":"ADBE Vector Graphic - Fill","hd":false},{"ty":"tr","p":{"a":0,"k":[38.164,100.407],"ix":2},"a":{"a":0,"k":[0,0],"ix":1},"s":{"a":0,"k":[100,100],"ix":3},"r":{"a":0,"k":0,"ix":6},"o":{"a":0,"k":100,"ix":7},"sk":{"a":0,"k":0,"ix":4},"sa":{"a":0,"k":0,"ix":5},"nm":"Transform"}],"nm":"Group 8","np":4,"cix":2,"ix":8,"mn":"ADBE Vector Group","hd":false},{"ty":"gr","it":[{"ind":0,"ty":"sh","ix":1,"ks":{"a":0,"k":{"i":[[-4.579,3.688],[0,0],[4.58,-3.688]],"o":[[0,0],[-5.423,-2.272],[5.422,2.273]],"v":[[8.117,-1.149],[8.117,-1.149],[-8.117,1.148]],"c":true},"ix":2},"nm":"Path 1","mn":"ADBE Vector Shape - Group","hd":false},{"ty":"fl","c":{"a":0,"k":[0.969000004787,0.340999977261,0.340999977261,1],"ix":4},"o":{"a":0,"k":100,"ix":5},"r":1,"nm":"Fill 1","mn":"ADBE Vector Graphic - Fill","hd":false},{"ty":"tr","p":{"a":0,"k":[38.163,99.972],"ix":2},"a":{"a":0,"k":[0,0],"ix":1},"s":{"a":0,"k":[100,100],"ix":3},"r":{"a":0,"k":0,"ix":6},"o":{"a":0,"k":100,"ix":7},"sk":{"a":0,"k":0,"ix":4},"sa":{"a":0,"k":0,"ix":5},"nm":"Transform"}],"nm":"Group 9","np":2,"cix":2,"ix":9,"mn":"ADBE Vector Group","hd":false}],"ip":0,"op":103.436770103437,"st":0,"bm":0},{"ddd":0,"ind":10,"ty":4,"nm":"Stone 4/FloatingNinja Outlines","sr":1,"ks":{"o":{"a":0,"k":100,"ix":11},"r":{"a":1,"k":[{"i":{"x":[0.6],"y":[1]},"o":{"x":[0.4],"y":[0]},"n":["0p6_1_0p4_0"],"t":3.337,"s":[0],"e":[-20]},{"i":{"x":[0.6],"y":[1]},"o":{"x":[0.4],"y":[0]},"n":["0p6_1_0p4_0"],"t":51.719,"s":[-20],"e":[0]},{"t":100.1005859375}],"ix":10},"p":{"a":1,"k":[{"i":{"x":0.6,"y":1},"o":{"x":0.4,"y":0},"n":"0p6_1_0p4_0","t":3.337,"s":[322,438,0],"e":[322,198,0],"to":[0,0,0],"ti":[0,0,0]},{"i":{"x":0.6,"y":1},"o":{"x":0.4,"y":0},"n":"0p6_1_0p4_0","t":50.05,"s":[322,198,0],"e":[322,438,0],"to":[0,0,0],"ti":[0,0,0]},{"t":100.1005859375}],"ix":2},"a":{"a":0,"k":[18,18,0],"ix":1},"s":{"a":0,"k":[200,200,100],"ix":6}},"ao":0,"shapes":[{"ty":"gr","it":[{"ind":0,"ty":"sh","ix":1,"ks":{"a":0,"k":{"i":[[0.364,0],[0,0],[0,0.363],[-0.364,0],[0,0],[0,-0.364]],"o":[[0,0],[-0.364,0],[0,-0.364],[0,0],[0.364,0],[0,0.363]],"v":[[3.402,0.658],[-3.401,0.658],[-4.06,0],[-3.401,-0.658],[3.402,-0.658],[4.06,0]],"c":true},"ix":2},"nm":"Path 1","mn":"ADBE Vector Shape - Group","hd":false},{"ty":"fl","c":{"a":0,"k":[0.788000009574,0.313999998803,0.313999998803,1],"ix":4},"o":{"a":0,"k":100,"ix":5},"r":1,"nm":"Fill 1","mn":"ADBE Vector Graphic - Fill","hd":false},{"ty":"tr","p":{"a":0,"k":[15.964,20.215],"ix":2},"a":{"a":0,"k":[0,0],"ix":1},"s":{"a":0,"k":[100,100],"ix":3},"r":{"a":0,"k":0,"ix":6},"o":{"a":0,"k":100,"ix":7},"sk":{"a":0,"k":0,"ix":4},"sa":{"a":0,"k":0,"ix":5},"nm":"Transform"}],"nm":"Group 1","np":2,"cix":2,"ix":1,"mn":"ADBE Vector Group","hd":false},{"ty":"gr","it":[{"ind":0,"ty":"sh","ix":1,"ks":{"a":0,"k":{"i":[[0.363,0],[0,0],[0,0.364],[-0.363,0],[0,0],[0,-0.364]],"o":[[0,0],[-0.363,0],[0,-0.364],[0,0],[0.363,0],[0,0.364]],"v":[[3.402,0.658],[-3.402,0.658],[-4.06,0],[-3.402,-0.658],[3.402,-0.658],[4.06,0]],"c":true},"ix":2},"nm":"Path 1","mn":"ADBE Vector Shape - Group","hd":false},{"ty":"fl","c":{"a":0,"k":[0.788000009574,0.313999998803,0.313999998803,1],"ix":4},"o":{"a":0,"k":100,"ix":5},"r":1,"nm":"Fill 1","mn":"ADBE Vector Graphic - Fill","hd":false},{"ty":"tr","p":{"a":0,"k":[9.801,14.051],"ix":2},"a":{"a":0,"k":[0,0],"ix":1},"s":{"a":0,"k":[100,100],"ix":3},"r":{"a":0,"k":0,"ix":6},"o":{"a":0,"k":100,"ix":7},"sk":{"a":0,"k":0,"ix":4},"sa":{"a":0,"k":0,"ix":5},"nm":"Transform"}],"nm":"Group 2","np":2,"cix":2,"ix":2,"mn":"ADBE Vector Group","hd":false},{"ty":"gr","it":[{"ind":0,"ty":"sh","ix":1,"ks":{"a":0,"k":{"i":[[0.363,0],[0,0.363],[0,0],[-0.364,0],[0,-0.363],[0,0]],"o":[[-0.364,0],[0,0],[0,-0.363],[0.363,0],[0,0],[0,0.363]],"v":[[0,4.06],[-0.658,3.402],[-0.658,-3.402],[0,-4.06],[0.658,-3.402],[0.658,3.402]],"c":true},"ix":2},"nm":"Path 1","mn":"ADBE Vector Shape - Group","hd":false},{"ty":"fl","c":{"a":0,"k":[0.788000009574,0.313999998803,0.313999998803,1],"ix":4},"o":{"a":0,"k":100,"ix":5},"r":1,"nm":"Fill 1","mn":"ADBE Vector Graphic - Fill","hd":false},{"ty":"tr","p":{"a":0,"k":[19.924,16.256],"ix":2},"a":{"a":0,"k":[0,0],"ix":1},"s":{"a":0,"k":[100,100],"ix":3},"r":{"a":0,"k":0,"ix":6},"o":{"a":0,"k":100,"ix":7},"sk":{"a":0,"k":0,"ix":4},"sa":{"a":0,"k":0,"ix":5},"nm":"Transform"}],"nm":"Group 3","np":2,"cix":2,"ix":3,"mn":"ADBE Vector Group","hd":false},{"ty":"gr","it":[{"ind":0,"ty":"sh","ix":1,"ks":{"a":0,"k":{"i":[[0.363,0],[0,0.364],[0,0],[-0.363,0],[0,-0.364],[0,0]],"o":[[-0.363,0],[0,0],[0,-0.364],[0.363,0],[0,0],[0,0.364]],"v":[[0,4.06],[-0.658,3.402],[-0.658,-3.401],[0,-4.06],[0.658,-3.401],[0.658,3.402]],"c":true},"ix":2},"nm":"Path 1","mn":"ADBE Vector Shape - Group","hd":false},{"ty":"fl","c":{"a":0,"k":[0.788000009574,0.313999998803,0.313999998803,1],"ix":4},"o":{"a":0,"k":100,"ix":5},"r":1,"nm":"Fill 1","mn":"ADBE Vector Graphic - Fill","hd":false},{"ty":"tr","p":{"a":0,"k":[13.76,10.092],"ix":2},"a":{"a":0,"k":[0,0],"ix":1},"s":{"a":0,"k":[100,100],"ix":3},"r":{"a":0,"k":0,"ix":6},"o":{"a":0,"k":100,"ix":7},"sk":{"a":0,"k":0,"ix":4},"sa":{"a":0,"k":0,"ix":5},"nm":"Transform"}],"nm":"Group 4","np":2,"cix":2,"ix":4,"mn":"ADBE Vector Group","hd":false},{"ty":"gr","it":[{"ind":0,"ty":"sh","ix":1,"ks":{"a":0,"k":{"i":[[0.337,0],[0.257,0.258],[0,0],[-0.515,0.514],[-0.514,-0.514],[0,0],[0.513,-0.514]],"o":[[-0.337,0],[0,0],[-0.515,-0.513],[0.515,-0.515],[0,0],[0.513,0.515],[-0.258,0.258]],"v":[[13.784,15.164],[12.853,14.779],[-14.714,-12.788],[-14.714,-14.649],[-12.851,-14.649],[14.715,12.917],[14.715,14.779]],"c":true},"ix":2},"nm":"Path 1","mn":"ADBE Vector Shape - Group","hd":false},{"ty":"fl","c":{"a":0,"k":[0.788000009574,0.313999998803,0.313999998803,1],"ix":4},"o":{"a":0,"k":100,"ix":5},"r":1,"nm":"Fill 1","mn":"ADBE Vector Graphic - Fill","hd":false},{"ty":"tr","p":{"a":0,"k":[20.221,20.359],"ix":2},"a":{"a":0,"k":[0,0],"ix":1},"s":{"a":0,"k":[100,100],"ix":3},"r":{"a":0,"k":0,"ix":6},"o":{"a":0,"k":100,"ix":7},"sk":{"a":0,"k":0,"ix":4},"sa":{"a":0,"k":0,"ix":5},"nm":"Transform"}],"nm":"Group 5","np":2,"cix":2,"ix":5,"mn":"ADBE Vector Group","hd":false},{"ty":"gr","it":[{"ind":0,"ty":"sh","ix":1,"ks":{"a":0,"k":{"i":[[4.551,2.574],[-4.55,-2.575]],"o":[[2.574,4.55],[-2.575,-4.551]],"v":[[-5.445,-5.445],[5.445,5.445]],"c":true},"ix":2},"nm":"Path 1","mn":"ADBE Vector Shape - Group","hd":false},{"ind":1,"ty":"sh","ix":2,"ks":{"a":0,"k":{"i":[[4.492,4.492],[1.63,6.337],[-0.418,0.799],[-1.547,-0.391],[-3.274,-12.723],[0.417,-0.798],[1.548,0.392]],"o":[[-4.46,-4.46],[-0.226,-0.874],[0.786,-1.504],[12.743,3.227],[0.225,0.872],[-0.786,1.503],[-6.395,-1.618]],"v":[[-5.719,5.72],[-15.093,-10.713],[-14.852,-13.324],[-10.853,-15.13],[15.094,10.716],[14.852,13.324],[10.853,15.129]],"c":true},"ix":2},"nm":"Path 2","mn":"ADBE Vector Shape - Group","hd":false},{"ty":"mm","mm":1,"nm":"Merge Paths 1","mn":"ADBE Vector Filter - Merge","hd":false},{"ty":"fl","c":{"a":0,"k":[0.969000004787,0.340999977261,0.340999977261,1],"ix":4},"o":{"a":0,"k":100,"ix":5},"r":1,"nm":"Fill 1","mn":"ADBE Vector Graphic - Fill","hd":false},{"ty":"tr","p":{"a":0,"k":[15.569,15.771],"ix":2},"a":{"a":0,"k":[0,0],"ix":1},"s":{"a":0,"k":[100,100],"ix":3},"r":{"a":0,"k":0,"ix":6},"o":{"a":0,"k":100,"ix":7},"sk":{"a":0,"k":0,"ix":4},"sa":{"a":0,"k":0,"ix":5},"nm":"Transform"}],"nm":"Group 6","np":4,"cix":2,"ix":6,"mn":"ADBE Vector Group","hd":false},{"ty":"gr","it":[{"ind":0,"ty":"sh","ix":1,"ks":{"a":0,"k":{"i":[[11.521,2.917],[0,0],[-11.522,-2.918]],"o":[[0,0],[2.917,11.521],[-2.917,-11.521]],"v":[[-11.717,-11.718],[-11.717,-11.718],[11.717,11.718]],"c":true},"ix":2},"nm":"Path 1","mn":"ADBE Vector Shape - Group","hd":false},{"ty":"fl","c":{"a":0,"k":[0.969000004787,0.340999977261,0.340999977261,1],"ix":4},"o":{"a":0,"k":100,"ix":5},"r":1,"nm":"Fill 1","mn":"ADBE Vector Graphic - Fill","hd":false},{"ty":"tr","p":{"a":0,"k":[15.569,15.771],"ix":2},"a":{"a":0,"k":[0,0],"ix":1},"s":{"a":0,"k":[100,100],"ix":3},"r":{"a":0,"k":0,"ix":6},"o":{"a":0,"k":100,"ix":7},"sk":{"a":0,"k":0,"ix":4},"sa":{"a":0,"k":0,"ix":5},"nm":"Transform"}],"nm":"Group 7","np":2,"cix":2,"ix":7,"mn":"ADBE Vector Group","hd":false}],"ip":0,"op":103.436770103437,"st":0,"bm":0},{"ddd":0,"ind":12,"ty":4,"nm":"Stone 3/FloatingNinja Outlines","sr":1,"ks":{"o":{"a":0,"k":100,"ix":11},"r":{"a":1,"k":[{"i":{"x":[0.6],"y":[1]},"o":{"x":[0.4],"y":[0]},"n":["0p6_1_0p4_0"],"t":3.337,"s":[0],"e":[-10]},{"i":{"x":[0.6],"y":[1]},"o":{"x":[0.4],"y":[0]},"n":["0p6_1_0p4_0"],"t":51.719,"s":[-10],"e":[0]},{"t":100.1005859375}],"ix":10},"p":{"a":1,"k":[{"i":{"x":0.7,"y":1},"o":{"x":0.3,"y":0},"n":"0p7_1_0p3_0","t":3.337,"s":[146,752,0],"e":[146,472,0],"to":[0,0,0],"ti":[0,0,0]},{"i":{"x":0.7,"y":1},"o":{"x":0.3,"y":0},"n":"0p7_1_0p3_0","t":50.05,"s":[146,472,0],"e":[146,752,0],"to":[0,0,0],"ti":[0,0,0]},{"t":100.1005859375}],"ix":2},"a":{"a":0,"k":[44.5,67.5,0],"ix":1},"s":{"a":0,"k":[200,200,100],"ix":6}},"ao":0,"shapes":[{"ty":"gr","it":[{"ind":0,"ty":"sh","ix":1,"ks":{"a":0,"k":{"i":[[1.805,-0.652],[0,0],[0.682,0.728],[0,0],[-0.863,0.965],[0,0],[-0.635,0.053],[0,0],[-0.506,-0.43]],"o":[[0,0],[-0.939,0.339],[0,0],[-0.885,-0.945],[0,0],[0.426,-0.475],[0,0],[0.662,-0.056],[1.462,1.241]],"v":[[5.129,0.804],[-3.022,3.749],[-5.694,3.107],[-6.458,2.292],[-6.496,-1.082],[-5.159,-2.575],[-3.507,-3.398],[4.072,-4.033],[5.897,-3.448]],"c":true},"ix":2},"nm":"Path 1","mn":"ADBE Vector Shape - Group","hd":false},{"ty":"fl","c":{"a":0,"k":[0.501999978458,0.501999978458,0.501999978458,1],"ix":4},"o":{"a":0,"k":100,"ix":5},"r":1,"nm":"Fill 1","mn":"ADBE Vector Graphic - Fill","hd":false},{"ty":"tr","p":{"a":0,"k":[7.609,4.339],"ix":2},"a":{"a":0,"k":[0,0],"ix":1},"s":{"a":0,"k":[100,100],"ix":3},"r":{"a":0,"k":0,"ix":6},"o":{"a":0,"k":100,"ix":7},"sk":{"a":0,"k":0,"ix":4},"sa":{"a":0,"k":0,"ix":5},"nm":"Transform"}],"nm":"Group 1","np":2,"cix":2,"ix":1,"mn":"ADBE Vector Group","hd":false},{"ty":"gr","it":[{"ind":0,"ty":"sh","ix":1,"ks":{"a":0,"k":{"i":[[-4.079,4.079],[0,0],[-2.88,-2.88],[0,0],[1.441,-2.843],[0,0],[3.604,1.67],[0,0],[0.479,0.114]],"o":[[0,0],[2.88,-2.88],[0,0],[2.254,2.254],[0,0],[-1.795,3.545],[0,0],[-0.446,-0.207],[-5.611,-1.337]],"v":[[-11.984,-5.632],[-6.518,-11.099],[3.912,-11.099],[13.258,-1.75],[14.622,6.794],[13.534,8.948],[3.853,12.308],[-7.088,7.24],[-8.48,6.756]],"c":true},"ix":2},"nm":"Path 1","mn":"ADBE Vector Shape - Group","hd":false},{"ty":"fl","c":{"a":0,"k":[0.501999978458,0.501999978458,0.501999978458,1],"ix":4},"o":{"a":0,"k":100,"ix":5},"r":1,"nm":"Fill 1","mn":"ADBE Vector Graphic - Fill","hd":false},{"ty":"tr","p":{"a":0,"k":[71.735,120.301],"ix":2},"a":{"a":0,"k":[0,0],"ix":1},"s":{"a":0,"k":[100,100],"ix":3},"r":{"a":0,"k":0,"ix":6},"o":{"a":0,"k":100,"ix":7},"sk":{"a":0,"k":0,"ix":4},"sa":{"a":0,"k":0,"ix":5},"nm":"Transform"}],"nm":"Group 2","np":2,"cix":2,"ix":2,"mn":"ADBE Vector Group","hd":false}],"ip":0,"op":103.436770103437,"st":0,"bm":0},{"ddd":0,"ind":14,"ty":4,"nm":"Stone 2/FloatingNinja Outlines","sr":1,"ks":{"o":{"a":0,"k":100,"ix":11},"r":{"a":1,"k":[{"i":{"x":[0.6],"y":[1]},"o":{"x":[0.4],"y":[0]},"n":["0p6_1_0p4_0"],"t":3.337,"s":[0],"e":[20]},{"i":{"x":[0.6],"y":[1]},"o":{"x":[0.4],"y":[0]},"n":["0p6_1_0p4_0"],"t":51.719,"s":[20],"e":[0]},{"t":100.1005859375}],"ix":10},"p":{"a":1,"k":[{"i":{"x":0.7,"y":1},"o":{"x":0.3,"y":0},"n":"0p7_1_0p3_0","t":3.337,"s":[94,1051,0],"e":[94,811,0],"to":[0,0,0],"ti":[0,0,0]},{"i":{"x":0.7,"y":1},"o":{"x":0.3,"y":0},"n":"0p7_1_0p3_0","t":50.05,"s":[94,811,0],"e":[94,1051,0],"to":[0,0,0],"ti":[0,0,0]},{"t":100.1005859375}],"ix":2},"a":{"a":0,"k":[22.5,10.5,0],"ix":1},"s":{"a":0,"k":[200,200,100],"ix":6}},"ao":0,"shapes":[{"ty":"gr","it":[{"ind":0,"ty":"sh","ix":1,"ks":{"a":0,"k":{"i":[[0.296,-0.177],[0,0],[0.176,0.296],[-0.296,0.178],[0,0],[-0.177,-0.297]],"o":[[0,0],[-0.296,0.178],[-0.178,-0.296],[0,0],[0.296,-0.177],[0.178,0.295]],"v":[[3.094,-1.124],[-2.452,2.196],[-3.309,1.981],[-3.094,1.123],[2.451,-2.197],[3.309,-1.981]],"c":true},"ix":2},"nm":"Path 1","mn":"ADBE Vector Shape - Group","hd":false},{"ty":"fl","c":{"a":0,"k":[0.788000009574,0.313999998803,0.313999998803,1],"ix":4},"o":{"a":0,"k":100,"ix":5},"r":1,"nm":"Fill 1","mn":"ADBE Vector Graphic - Fill","hd":false},{"ty":"tr","p":{"a":0,"k":[21.443,14.304],"ix":2},"a":{"a":0,"k":[0,0],"ix":1},"s":{"a":0,"k":[100,100],"ix":3},"r":{"a":0,"k":0,"ix":6},"o":{"a":0,"k":100,"ix":7},"sk":{"a":0,"k":0,"ix":4},"sa":{"a":0,"k":0,"ix":5},"nm":"Transform"}],"nm":"Group 1","np":2,"cix":2,"ix":1,"mn":"ADBE Vector Group","hd":false},{"ty":"gr","it":[{"ind":0,"ty":"sh","ix":1,"ks":{"a":0,"k":{"i":[[0.296,-0.178],[0,0],[0.176,0.297],[-0.296,0.178],[0,0],[-0.177,-0.297]],"o":[[0,0],[-0.296,0.178],[-0.178,-0.295],[0,0],[0.296,-0.178],[0.178,0.295]],"v":[[3.094,-1.124],[-2.452,2.196],[-3.309,1.98],[-3.094,1.123],[2.451,-2.197],[3.309,-1.981]],"c":true},"ix":2},"nm":"Path 1","mn":"ADBE Vector Shape - Group","hd":false},{"ty":"fl","c":{"a":0,"k":[0.788000009574,0.313999998803,0.313999998803,1],"ix":4},"o":{"a":0,"k":100,"ix":5},"r":1,"nm":"Fill 1","mn":"ADBE Vector Graphic - Fill","hd":false},{"ty":"tr","p":{"a":0,"k":[13.41,12.288],"ix":2},"a":{"a":0,"k":[0,0],"ix":1},"s":{"a":0,"k":[100,100],"ix":3},"r":{"a":0,"k":0,"ix":6},"o":{"a":0,"k":100,"ix":7},"sk":{"a":0,"k":0,"ix":4},"sa":{"a":0,"k":0,"ix":5},"nm":"Transform"}],"nm":"Group 2","np":2,"cix":2,"ix":2,"mn":"ADBE Vector Group","hd":false},{"ty":"gr","it":[{"ind":0,"ty":"sh","ix":1,"ks":{"a":0,"k":{"i":[[0.297,-0.177],[0.177,0.296],[0,0],[-0.296,0.177],[-0.178,-0.296],[0,0]],"o":[[-0.296,0.178],[0,0],[-0.177,-0.296],[0.297,-0.178],[0,0],[0.177,0.295]],"v":[[1.981,3.309],[1.124,3.094],[-2.197,-2.452],[-1.982,-3.309],[-1.123,-3.094],[2.197,2.452]],"c":true},"ix":2},"nm":"Path 1","mn":"ADBE Vector Shape - Group","hd":false},{"ty":"fl","c":{"a":0,"k":[0.788000009574,0.313999998803,0.313999998803,1],"ix":4},"o":{"a":0,"k":100,"ix":5},"r":1,"nm":"Fill 1","mn":"ADBE Vector Graphic - Fill","hd":false},{"ty":"tr","p":{"a":0,"k":[22.737,9.145],"ix":2},"a":{"a":0,"k":[0,0],"ix":1},"s":{"a":0,"k":[100,100],"ix":3},"r":{"a":0,"k":0,"ix":6},"o":{"a":0,"k":100,"ix":7},"sk":{"a":0,"k":0,"ix":4},"sa":{"a":0,"k":0,"ix":5},"nm":"Transform"}],"nm":"Group 3","np":2,"cix":2,"ix":3,"mn":"ADBE Vector Group","hd":false},{"ty":"gr","it":[{"ind":0,"ty":"sh","ix":1,"ks":{"a":0,"k":{"i":[[0.297,-0.178],[0.177,0.297],[0,0],[-0.297,0.178],[-0.178,-0.297],[0,0]],"o":[[-0.296,0.177],[0,0],[-0.177,-0.297],[0.296,-0.178],[0,0],[0.178,0.296]],"v":[[1.981,3.31],[1.124,3.094],[-2.198,-2.451],[-1.981,-3.309],[-1.123,-3.093],[2.197,2.452]],"c":true},"ix":2},"nm":"Path 1","mn":"ADBE Vector Shape - Group","hd":false},{"ty":"fl","c":{"a":0,"k":[0.788000009574,0.313999998803,0.313999998803,1],"ix":4},"o":{"a":0,"k":100,"ix":5},"r":1,"nm":"Fill 1","mn":"ADBE Vector Graphic - Fill","hd":false},{"ty":"tr","p":{"a":0,"k":[14.705,7.129],"ix":2},"a":{"a":0,"k":[0,0],"ix":1},"s":{"a":0,"k":[100,100],"ix":3},"r":{"a":0,"k":0,"ix":6},"o":{"a":0,"k":100,"ix":7},"sk":{"a":0,"k":0,"ix":4},"sa":{"a":0,"k":0,"ix":5},"nm":"Transform"}],"nm":"Group 4","np":2,"cix":2,"ix":4,"mn":"ADBE Vector Group","hd":false},{"ty":"gr","it":[{"ind":0,"ty":"sh","ix":1,"ks":{"a":0,"k":{"i":[[0.274,-0.165],[0.335,0.084],[0,0],[-0.169,0.67],[-0.67,-0.168],[0,0],[0.168,-0.669]],"o":[[-0.275,0.164],[0,0],[-0.67,-0.168],[0.168,-0.669],[0,0],[0.67,0.169],[-0.084,0.336]],"v":[[18.605,5.624],[17.658,5.764],[-18.266,-3.254],[-19.174,-4.772],[-17.657,-5.68],[18.267,3.337],[19.174,4.854]],"c":true},"ix":2},"nm":"Path 1","mn":"ADBE Vector Shape - Group","hd":false},{"ty":"fl","c":{"a":0,"k":[0.788000009574,0.313999998803,0.313999998803,1],"ix":4},"o":{"a":0,"k":100,"ix":5},"r":1,"nm":"Fill 1","mn":"ADBE Vector Graphic - Fill","hd":false},{"ty":"tr","p":{"a":0,"k":[25.014,12.355],"ix":2},"a":{"a":0,"k":[0,0],"ix":1},"s":{"a":0,"k":[100,100],"ix":3},"r":{"a":0,"k":0,"ix":6},"o":{"a":0,"k":100,"ix":7},"sk":{"a":0,"k":0,"ix":4},"sa":{"a":0,"k":0,"ix":5},"nm":"Transform"}],"nm":"Group 5","np":2,"cix":2,"ix":5,"mn":"ADBE Vector Group","hd":false},{"ty":"gr","it":[{"ind":0,"ty":"sh","ix":1,"ks":{"a":0,"k":{"i":[[4.965,-0.123],[-4.964,0.122]],"o":[[4.318,2.452],[-4.319,-2.453]],"v":[[-7.095,-0.93],[7.094,2.633]],"c":true},"ix":2},"nm":"Path 1","mn":"ADBE Vector Shape - Group","hd":false},{"ind":1,"ty":"sh","ix":2,"ks":{"a":0,"k":{"i":[[5.853,1.469],[4.423,4.37],[0.05,0.855],[-1.452,0.436],[-8.878,-8.772],[-0.049,-0.855],[1.452,-0.435]],"o":[[-5.812,-1.459],[-0.609,-0.601],[-0.092,-1.608],[11.961,-3.589],[0.609,0.602],[0.094,1.609],[-6.003,1.801]],"v":[[-1.87,8.305],[-17.532,-0.516],[-18.609,-2.761],[-16.23,-6.184],[17.532,2.22],[18.607,4.465],[16.229,7.887]],"c":true},"ix":2},"nm":"Path 2","mn":"ADBE Vector Shape - Group","hd":false},{"ty":"mm","mm":1,"nm":"Merge Paths 1","mn":"ADBE Vector Filter - Merge","hd":false},{"ty":"fl","c":{"a":0,"k":[0.969000004787,0.340999977261,0.340999977261,1],"ix":4},"o":{"a":0,"k":100,"ix":5},"r":1,"nm":"Fill 1","mn":"ADBE Vector Graphic - Fill","hd":false},{"ty":"tr","p":{"a":0,"k":[18.951,10.024],"ix":2},"a":{"a":0,"k":[0,0],"ix":1},"s":{"a":0,"k":[100,100],"ix":3},"r":{"a":0,"k":0,"ix":6},"o":{"a":0,"k":100,"ix":7},"sk":{"a":0,"k":0,"ix":4},"sa":{"a":0,"k":0,"ix":5},"nm":"Transform"}],"nm":"Group 6","np":4,"cix":2,"ix":6,"mn":"ADBE Vector Group","hd":false},{"ty":"gr","it":[{"ind":0,"ty":"sh","ix":1,"ks":{"a":0,"k":{"i":[[10.814,-3.245],[0,0],[-10.814,3.245]],"o":[[0,0],[8,7.967],[-8.001,-7.967]],"v":[[-15.269,-3.833],[-15.269,-3.833],[15.269,3.833]],"c":true},"ix":2},"nm":"Path 1","mn":"ADBE Vector Shape - Group","hd":false},{"ty":"fl","c":{"a":0,"k":[0.969000004787,0.340999977261,0.340999977261,1],"ix":4},"o":{"a":0,"k":100,"ix":5},"r":1,"nm":"Fill 1","mn":"ADBE Vector Graphic - Fill","hd":false},{"ty":"tr","p":{"a":0,"k":[18.951,10.875],"ix":2},"a":{"a":0,"k":[0,0],"ix":1},"s":{"a":0,"k":[100,100],"ix":3},"r":{"a":0,"k":0,"ix":6},"o":{"a":0,"k":100,"ix":7},"sk":{"a":0,"k":0,"ix":4},"sa":{"a":0,"k":0,"ix":5},"nm":"Transform"}],"nm":"Group 7","np":2,"cix":2,"ix":7,"mn":"ADBE Vector Group","hd":false}],"ip":0,"op":103.436770103437,"st":0,"bm":0},{"ddd":0,"ind":16,"ty":4,"nm":"Stone 1/FloatingNinja Outlines","sr":1,"ks":{"o":{"a":0,"k":100,"ix":11},"r":{"a":1,"k":[{"i":{"x":[0.6],"y":[1]},"o":{"x":[0.4],"y":[0]},"n":["0p6_1_0p4_0"],"t":3.337,"s":[0],"e":[10]},{"i":{"x":[0.6],"y":[1]},"o":{"x":[0.4],"y":[0]},"n":["0p6_1_0p4_0"],"t":51.719,"s":[10],"e":[0]},{"t":100.1005859375}],"ix":10},"p":{"a":1,"k":[{"i":{"x":0.7,"y":1},"o":{"x":0.3,"y":0},"n":"0p7_1_0p3_0","t":1.668,"s":[358,1282,0],"e":[358,1002,0],"to":[0,0,0],"ti":[0,0,0]},{"i":{"x":0.7,"y":1},"o":{"x":0.3,"y":0},"n":"0p7_1_0p3_0","t":48.382,"s":[358,1002,0],"e":[358,1282,0],"to":[0,0,0],"ti":[0,0,0]},{"t":98.431640625}],"ix":2},"a":{"a":0,"k":[46,27,0],"ix":1},"s":{"a":0,"k":[200,200,100],"ix":6}},"ao":0,"shapes":[{"ty":"gr","it":[{"ind":0,"ty":"sh","ix":1,"ks":{"a":0,"k":{"i":[[-2.645,-0.729],[0,0],[-0.194,-1.414],[0,0],[1.803,-0.413],[0,0],[0.786,0.463],[0,0],[0.236,0.919]],"o":[[0,0],[1.376,0.38],[0,0],[0.252,1.833],[0,0],[-0.889,0.204],[0,0],[-0.817,-0.482],[-0.682,-2.657]],"v":[[-4.956,-5.958],[6.989,-2.661],[9.577,0.293],[9.795,1.876],[7.053,5.844],[4.26,6.482],[1.651,6.078],[-7.719,0.56],[-9.365,-1.629]],"c":true},"ix":2},"nm":"Path 1","mn":"ADBE Vector Shape - Group","hd":false},{"ty":"fl","c":{"a":0,"k":[0.501999978458,0.501999978458,0.501999978458,1],"ix":4},"o":{"a":0,"k":100,"ix":5},"r":1,"nm":"Fill 1","mn":"ADBE Vector Graphic - Fill","hd":false},{"ty":"tr","p":{"a":0,"k":[80.918,6.937],"ix":2},"a":{"a":0,"k":[0,0],"ix":1},"s":{"a":0,"k":[100,100],"ix":3},"r":{"a":0,"k":0,"ix":6},"o":{"a":0,"k":100,"ix":7},"sk":{"a":0,"k":0,"ix":4},"sa":{"a":0,"k":0,"ix":5},"nm":"Transform"}],"nm":"Group 1","np":2,"cix":2,"ix":1,"mn":"ADBE Vector Group","hd":false},{"ty":"gr","it":[{"ind":0,"ty":"sh","ix":1,"ks":{"a":0,"k":{"i":[[0,0.206],[0,0],[-0.207,0],[0,-0.206],[0,0],[0.206,0]],"o":[[0,0],[0,-0.206],[0.206,0],[0,0],[0,0.206],[-0.207,0]],"v":[[-0.374,1.933],[-0.374,-1.933],[0,-2.308],[0.374,-1.933],[0.374,1.933],[0,2.308]],"c":true},"ix":2},"nm":"Path 1","mn":"ADBE Vector Shape - Group","hd":false},{"ty":"fl","c":{"a":0,"k":[0.788000009574,0.313999998803,0.313999998803,1],"ix":4},"o":{"a":0,"k":100,"ix":5},"r":1,"nm":"Fill 1","mn":"ADBE Vector Graphic - Fill","hd":false},{"ty":"tr","p":{"a":0,"k":[8.951,42.297],"ix":2},"a":{"a":0,"k":[0,0],"ix":1},"s":{"a":0,"k":[100,100],"ix":3},"r":{"a":0,"k":0,"ix":6},"o":{"a":0,"k":100,"ix":7},"sk":{"a":0,"k":0,"ix":4},"sa":{"a":0,"k":0,"ix":5},"nm":"Transform"}],"nm":"Group 2","np":2,"cix":2,"ix":2,"mn":"ADBE Vector Group","hd":false},{"ty":"gr","it":[{"ind":0,"ty":"sh","ix":1,"ks":{"a":0,"k":{"i":[[0,0.206],[0,0],[-0.207,0],[0,-0.206],[0,0],[0.206,0]],"o":[[0,0],[0,-0.206],[0.206,0],[0,0],[0,0.206],[-0.207,0]],"v":[[-0.374,1.933],[-0.374,-1.933],[0,-2.308],[0.374,-1.933],[0.374,1.933],[0,2.308]],"c":true},"ix":2},"nm":"Path 1","mn":"ADBE Vector Shape - Group","hd":false},{"ty":"fl","c":{"a":0,"k":[0.788000009574,0.313999998803,0.313999998803,1],"ix":4},"o":{"a":0,"k":100,"ix":5},"r":1,"nm":"Fill 1","mn":"ADBE Vector Graphic - Fill","hd":false},{"ty":"tr","p":{"a":0,"k":[12.454,38.794],"ix":2},"a":{"a":0,"k":[0,0],"ix":1},"s":{"a":0,"k":[100,100],"ix":3},"r":{"a":0,"k":0,"ix":6},"o":{"a":0,"k":100,"ix":7},"sk":{"a":0,"k":0,"ix":4},"sa":{"a":0,"k":0,"ix":5},"nm":"Transform"}],"nm":"Group 3","np":2,"cix":2,"ix":3,"mn":"ADBE Vector Group","hd":false},{"ty":"gr","it":[{"ind":0,"ty":"sh","ix":1,"ks":{"a":0,"k":{"i":[[0,0.206],[-0.207,0],[0,0],[0,-0.207],[0.207,0],[0,0]],"o":[[0,-0.207],[0,0],[0.207,0],[0,0.206],[0,0],[-0.207,0]],"v":[[-2.307,0],[-1.933,-0.374],[1.933,-0.374],[2.307,0],[1.933,0.374],[-1.933,0.374]],"c":true},"ix":2},"nm":"Path 1","mn":"ADBE Vector Shape - Group","hd":false},{"ty":"fl","c":{"a":0,"k":[0.788000009574,0.313999998803,0.313999998803,1],"ix":4},"o":{"a":0,"k":100,"ix":5},"r":1,"nm":"Fill 1","mn":"ADBE Vector Graphic - Fill","hd":false},{"ty":"tr","p":{"a":0,"k":[11.201,44.546],"ix":2},"a":{"a":0,"k":[0,0],"ix":1},"s":{"a":0,"k":[100,100],"ix":3},"r":{"a":0,"k":0,"ix":6},"o":{"a":0,"k":100,"ix":7},"sk":{"a":0,"k":0,"ix":4},"sa":{"a":0,"k":0,"ix":5},"nm":"Transform"}],"nm":"Group 4","np":2,"cix":2,"ix":4,"mn":"ADBE Vector Group","hd":false},{"ty":"gr","it":[{"ind":0,"ty":"sh","ix":1,"ks":{"a":0,"k":{"i":[[0,0.206],[-0.207,0],[0,0],[0,-0.207],[0.207,0],[0,0]],"o":[[0,-0.207],[0,0],[0.207,0],[0,0.206],[0,0],[-0.207,0]],"v":[[-2.307,0],[-1.933,-0.374],[1.933,-0.374],[2.307,0],[1.933,0.374],[-1.933,0.374]],"c":true},"ix":2},"nm":"Path 1","mn":"ADBE Vector Shape - Group","hd":false},{"ty":"fl","c":{"a":0,"k":[0.788000009574,0.313999998803,0.313999998803,1],"ix":4},"o":{"a":0,"k":100,"ix":5},"r":1,"nm":"Fill 1","mn":"ADBE Vector Graphic - Fill","hd":false},{"ty":"tr","p":{"a":0,"k":[14.703,41.044],"ix":2},"a":{"a":0,"k":[0,0],"ix":1},"s":{"a":0,"k":[100,100],"ix":3},"r":{"a":0,"k":0,"ix":6},"o":{"a":0,"k":100,"ix":7},"sk":{"a":0,"k":0,"ix":4},"sa":{"a":0,"k":0,"ix":5},"nm":"Transform"}],"nm":"Group 5","np":2,"cix":2,"ix":5,"mn":"ADBE Vector Group","hd":false},{"ty":"gr","it":[{"ind":0,"ty":"sh","ix":1,"ks":{"a":0,"k":{"i":[[0,0.191],[-0.147,0.146],[0,0],[-0.292,-0.293],[0.292,-0.292],[0,0],[0.292,0.292]],"o":[[0,-0.191],[0,0],[0.292,-0.293],[0.292,0.292],[0,0],[-0.292,0.292],[-0.147,-0.146]],"v":[[-8.618,7.833],[-8.398,7.304],[7.269,-8.361],[8.326,-8.361],[8.326,-7.304],[-7.341,8.363],[-8.398,8.363]],"c":true},"ix":2},"nm":"Path 1","mn":"ADBE Vector Shape - Group","hd":false},{"ty":"fl","c":{"a":0,"k":[0.788000009574,0.313999998803,0.313999998803,1],"ix":4},"o":{"a":0,"k":100,"ix":5},"r":1,"nm":"Fill 1","mn":"ADBE Vector Graphic - Fill","hd":false},{"ty":"tr","p":{"a":0,"k":[8.868,44.716],"ix":2},"a":{"a":0,"k":[0,0],"ix":1},"s":{"a":0,"k":[100,100],"ix":3},"r":{"a":0,"k":0,"ix":6},"o":{"a":0,"k":100,"ix":7},"sk":{"a":0,"k":0,"ix":4},"sa":{"a":0,"k":0,"ix":5},"nm":"Transform"}],"nm":"Group 6","np":2,"cix":2,"ix":6,"mn":"ADBE Vector Group","hd":false},{"ty":"gr","it":[{"ind":0,"ty":"sh","ix":1,"ks":{"a":0,"k":{"i":[[-1.463,2.586],[1.462,-2.585]],"o":[[-2.585,1.463],[2.585,-1.462]],"v":[[3.094,-3.095],[-3.094,3.093]],"c":true},"ix":2},"nm":"Path 1","mn":"ADBE Vector Shape - Group","hd":false},{"ind":1,"ty":"sh","ix":2,"ks":{"a":0,"k":{"i":[[-2.552,2.553],[-3.601,0.926],[-0.455,-0.238],[0.223,-0.88],[7.231,-1.861],[0.453,0.237],[-0.223,0.879]],"o":[[2.534,-2.534],[0.497,-0.128],[0.854,0.447],[-1.833,7.241],[-0.496,0.128],[-0.855,-0.446],[0.92,-3.634]],"v":[[-3.251,-3.251],[6.088,-8.578],[7.573,-8.441],[8.598,-6.168],[-6.09,8.578],[-7.572,8.44],[-8.598,6.168]],"c":true},"ix":2},"nm":"Path 2","mn":"ADBE Vector Shape - Group","hd":false},{"ty":"mm","mm":1,"nm":"Merge Paths 1","mn":"ADBE Vector Filter - Merge","hd":false},{"ty":"fl","c":{"a":0,"k":[0.969000004787,0.340999977261,0.340999977261,1],"ix":4},"o":{"a":0,"k":100,"ix":5},"r":1,"nm":"Fill 1","mn":"ADBE Vector Graphic - Fill","hd":false},{"ty":"tr","p":{"a":0,"k":[11.476,42.072],"ix":2},"a":{"a":0,"k":[0,0],"ix":1},"s":{"a":0,"k":[100,100],"ix":3},"r":{"a":0,"k":0,"ix":6},"o":{"a":0,"k":100,"ix":7},"sk":{"a":0,"k":0,"ix":4},"sa":{"a":0,"k":0,"ix":5},"nm":"Transform"}],"nm":"Group 7","np":4,"cix":2,"ix":7,"mn":"ADBE Vector Group","hd":false},{"ty":"gr","it":[{"ind":0,"ty":"sh","ix":1,"ks":{"a":0,"k":{"i":[[-1.658,6.548],[0,0],[1.658,-6.547]],"o":[[0,0],[-6.548,1.658],[6.547,-1.658]],"v":[[6.659,-6.659],[6.659,-6.659],[-6.659,6.659]],"c":true},"ix":2},"nm":"Path 1","mn":"ADBE Vector Shape - Group","hd":false},{"ty":"fl","c":{"a":0,"k":[0.969000004787,0.340999977261,0.340999977261,1],"ix":4},"o":{"a":0,"k":100,"ix":5},"r":1,"nm":"Fill 1","mn":"ADBE Vector Graphic - Fill","hd":false},{"ty":"tr","p":{"a":0,"k":[11.477,42.072],"ix":2},"a":{"a":0,"k":[0,0],"ix":1},"s":{"a":0,"k":[100,100],"ix":3},"r":{"a":0,"k":0,"ix":6},"o":{"a":0,"k":100,"ix":7},"sk":{"a":0,"k":0,"ix":4},"sa":{"a":0,"k":0,"ix":5},"nm":"Transform"}],"nm":"Group 8","np":2,"cix":2,"ix":8,"mn":"ADBE Vector Group","hd":false}],"ip":0,"op":103.436770103437,"st":0,"bm":0},{"ddd":0,"ind":18,"ty":4,"nm":"Bandana tie/FloatingNinja Outlines","parent":3,"sr":1,"ks":{"o":{"a":0,"k":100,"ix":11},"r":{"a":1,"k":[{"i":{"x":[0.833],"y":[1]},"o":{"x":[0.4],"y":[0]},"n":["0p833_1_0p4_0"],"t":1.668,"s":[0],"e":[10]},{"i":{"x":[0.6],"y":[1]},"o":{"x":[0.4],"y":[0]},"n":["0p6_1_0p4_0"],"t":50.05,"s":[10],"e":[0]},{"t":98.431640625}],"ix":10},"p":{"a":0,"k":[37,44.555,0],"ix":2},"a":{"a":0,"k":[60,18.5,0],"ix":1},"s":{"a":0,"k":[100,100,100],"ix":6}},"ao":0,"shapes":[{"ty":"gr","it":[{"ind":0,"ty":"sh","ix":1,"ks":{"a":0,"k":{"i":[[3.855,0],[0.24,0.022],[-0.39,4.155],[-32.625,3.772],[-0.479,-4.145],[4.145,-0.479],[2.593,-27.661]],"o":[[-0.236,0],[-4.154,-0.389],[3.235,-34.504],[4.147,-0.458],[0.479,4.145],[-25.723,2.974],[-0.368,3.917]],"v":[[-24.106,33.612],[-24.821,33.579],[-31.638,25.351],[23.176,-33.154],[31.549,-26.515],[24.911,-18.142],[-16.592,26.76]],"c":true},"ix":2},"nm":"Path 1","mn":"ADBE Vector Shape - Group","hd":false},{"ty":"fl","c":{"a":0,"k":[1,0.337000020345,0.337000020345,1],"ix":4},"o":{"a":0,"k":100,"ix":5},"r":1,"nm":"Fill 1","mn":"ADBE Vector Graphic - Fill","hd":false},{"ty":"tr","p":{"a":0,"k":[32.278,48.057],"ix":2},"a":{"a":0,"k":[0,0],"ix":1},"s":{"a":0,"k":[100,100],"ix":3},"r":{"a":0,"k":0,"ix":6},"o":{"a":0,"k":100,"ix":7},"sk":{"a":0,"k":0,"ix":4},"sa":{"a":0,"k":0,"ix":5},"nm":"Transform"}],"nm":"Group 1","np":2,"cix":2,"ix":1,"mn":"ADBE Vector Group","hd":false},{"ty":"gr","it":[{"ind":0,"ty":"sh","ix":1,"ks":{"a":0,"k":{"i":[[2.11,0],[1.431,1.243],[8.083,-6.096],[2.514,3.332],[-3.33,2.512],[-12.397,-10.783],[2.738,-3.149]],"o":[[-1.759,0],[-6.996,-6.086],[-3.334,2.514],[-2.514,-3.329],[13.74,-10.37],[3.149,2.739],[-1.495,1.718]],"v":[[15.562,11.795],[10.606,9.942],[-10.907,9.958],[-21.49,8.479],[-20.011,-2.102],[20.523,-1.463],[21.266,9.198]],"c":true},"ix":2},"nm":"Path 1","mn":"ADBE Vector Shape - Group","hd":false},{"ty":"fl","c":{"a":0,"k":[1,0.337000020345,0.337000020345,1],"ix":4},"o":{"a":0,"k":100,"ix":5},"r":1,"nm":"Fill 1","mn":"ADBE Vector Graphic - Fill","hd":false},{"ty":"tr","p":{"a":0,"k":[34.413,12.723],"ix":2},"a":{"a":0,"k":[0,0],"ix":1},"s":{"a":0,"k":[100,100],"ix":3},"r":{"a":0,"k":0,"ix":6},"o":{"a":0,"k":100,"ix":7},"sk":{"a":0,"k":0,"ix":4},"sa":{"a":0,"k":0,"ix":5},"nm":"Transform"}],"nm":"Group 2","np":2,"cix":2,"ix":2,"mn":"ADBE Vector Group","hd":false}],"ip":0,"op":103.436770103437,"st":0,"bm":0},{"ddd":0,"ind":20,"ty":4,"nm":"Legs/FloatingNinja Outlines","sr":1,"ks":{"o":{"a":0,"k":100,"ix":11},"r":{"a":0,"k":0,"ix":10},"p":{"a":1,"k":[{"i":{"x":0.7,"y":1},"o":{"x":0.3,"y":0},"n":"0p7_1_0p3_0","t":1.668,"s":[910,1138,0],"e":[910,938,0],"to":[0,0,0],"ti":[0,0,0]},{"i":{"x":0.7,"y":1},"o":{"x":0.3,"y":0},"n":"0p7_1_0p3_0","t":51.719,"s":[910,938,0],"e":[910,1138,0],"to":[0,0,0],"ti":[0,0,0]},{"t":101.7685546875}],"ix":2},"a":{"a":0,"k":[159.5,74,0],"ix":1},"s":{"a":0,"k":[200,200,100],"ix":6}},"ao":0,"shapes":[{"ty":"gr","it":[{"ind":0,"ty":"sh","ix":1,"ks":{"a":0,"k":{"i":[[14.761,-0.002],[20.232,8.622],[4.026,24.701],[-51.656,8.721],[-1.924,-11.394],[11.392,-1.923],[-1.9,-11.66],[-78.876,12.392],[-6.087,6.292],[0,0],[-8.3,-8.033],[8.031,-8.302],[0,0],[17.317,-2.723]],"o":[[-27.322,0],[-29.789,-12.694],[-4.73,-29.02],[11.393,-1.903],[1.922,11.389],[-20.754,3.503],[3.39,20.796],[8.397,-1.321],[0,0],[8.033,-8.303],[8.303,8.031],[0,0],[-12.368,12.781],[-16.286,2.561]],"v":[[6.244,73.335],[-65.686,60.356],[-118.895,1.513],[-53.532,-71.432],[-29.425,-54.286],[-46.569,-30.18],[-77.606,-5.217],[46.421,28.177],[68.883,16.37],[85.529,-0.832],[115.105,-1.32],[115.594,28.256],[98.949,45.46],[52.917,69.502]],"c":true},"ix":2},"nm":"Path 1","mn":"ADBE Vector Shape - Group","hd":false},{"ty":"fl","c":{"a":0,"k":[0.275,0.250999989229,0.438999998803,1],"ix":4},"o":{"a":0,"k":100,"ix":5},"r":1,"nm":"Fill 1","mn":"ADBE Vector Graphic - Fill","hd":false},{"ty":"tr","p":{"a":0,"k":[123.875,73.585],"ix":2},"a":{"a":0,"k":[0,0],"ix":1},"s":{"a":0,"k":[100,100],"ix":3},"r":{"a":0,"k":0,"ix":6},"o":{"a":0,"k":100,"ix":7},"sk":{"a":0,"k":0,"ix":4},"sa":{"a":0,"k":0,"ix":5},"nm":"Transform"}],"nm":"Group 1","np":2,"cix":2,"ix":1,"mn":"ADBE Vector Group","hd":false},{"ty":"gr","it":[{"ind":0,"ty":"sh","ix":1,"ks":{"a":0,"k":{"i":[[15.131,0],[25.287,5.173],[2.844,2.711],[0,0],[-7.973,8.36],[-8.359,-7.973],[0,0],[-22.313,25.604],[0.993,2.817],[28.547,5.084],[-2.026,11.372],[-11.366,-2.025],[-4.9,-13.899],[13.381,-15.353],[30.649,-5.591]],"o":[[-22.027,0],[-3.85,-0.787],[0,0],[-8.36,-7.973],[7.972,-8.359],[0,0],[51.651,9.561],[3.339,-3.83],[-1.861,-5.282],[-11.374,-2.025],[2.025,-11.373],[52.358,9.326],[6.102,17.318],[-14.464,16.597],[-13.415,2.448]],"v":[[-5.115,69.48],[-76.194,61.718],[-86.437,56.364],[-115.582,28.571],[-116.284,-1.003],[-86.712,-1.705],[-61.994,21.865],[75.163,4.407],[78.7,-5.611],[37.526,-26.27],[20.601,-50.529],[44.861,-67.456],[118.155,-19.516],[106.701,31.893],[37.743,65.81]],"c":true},"ix":2},"nm":"Path 1","mn":"ADBE Vector Shape - Group","hd":false},{"ty":"fl","c":{"a":0,"k":[0.275,0.250999989229,0.438999998803,1],"ix":4},"o":{"a":0,"k":100,"ix":5},"r":1,"nm":"Fill 1","mn":"ADBE Vector Graphic - Fill","hd":false},{"ty":"tr","p":{"a":0,"k":[194.237,73.968],"ix":2},"a":{"a":0,"k":[0,0],"ix":1},"s":{"a":0,"k":[100,100],"ix":3},"r":{"a":0,"k":0,"ix":6},"o":{"a":0,"k":100,"ix":7},"sk":{"a":0,"k":0,"ix":4},"sa":{"a":0,"k":0,"ix":5},"nm":"Transform"}],"nm":"Group 2","np":2,"cix":2,"ix":2,"mn":"ADBE Vector Group","hd":false}],"ip":0,"op":103.436770103437,"st":0,"bm":0},{"ddd":0,"ind":22,"ty":4,"nm":"Left arm/FloatingNinja Outlines","sr":1,"ks":{"o":{"a":0,"k":100,"ix":11},"r":{"a":0,"k":0,"ix":10},"p":{"a":1,"k":[{"i":{"x":0.65,"y":1},"o":{"x":0.35,"y":0},"n":"0p65_1_0p35_0","t":3.337,"s":[560,782,0],"e":[560,562,0],"to":[0,-36.6666679382324,0],"ti":[0,0,0]},{"i":{"x":0.65,"y":1},"o":{"x":0.35,"y":0},"n":"0p65_1_0p35_0","t":53.386,"s":[560,562,0],"e":[560,782,0],"to":[0,0,0],"ti":[0,-36.6666679382324,0]},{"t":103.437134074178}],"ix":2},"a":{"a":0,"k":[107,80.5,0],"ix":1},"s":{"a":0,"k":[200,200,100],"ix":6}},"ao":0,"shapes":[{"ty":"gr","it":[{"ind":0,"ty":"sh","ix":1,"ks":{"a":0,"k":{"i":[[13.811,6.952],[-6.951,13.811],[-13.811,-6.951],[6.951,-13.812]],"o":[[-13.811,-6.951],[6.952,-13.811],[13.811,6.952],[-6.951,13.811]],"v":[[-12.586,25.007],[-25.008,-12.587],[12.586,-25.008],[25.008,12.587]],"c":true},"ix":2},"nm":"Path 1","mn":"ADBE Vector Shape - Group","hd":false},{"ty":"fl","c":{"a":0,"k":[0,0.705999995213,0.952999997606,1],"ix":4},"o":{"a":0,"k":100,"ix":5},"r":1,"nm":"Fill 1","mn":"ADBE Vector Graphic - Fill","hd":false},{"ty":"tr","p":{"a":0,"k":[32.208,104.684],"ix":2},"a":{"a":0,"k":[0,0],"ix":1},"s":{"a":0,"k":[100,100],"ix":3},"r":{"a":0,"k":0,"ix":6},"o":{"a":0,"k":100,"ix":7},"sk":{"a":0,"k":0,"ix":4},"sa":{"a":0,"k":0,"ix":5},"nm":"Transform"}],"nm":"Group 1","np":2,"cix":2,"ix":1,"mn":"ADBE Vector Group","hd":false},{"ty":"gr","it":[{"ind":0,"ty":"sh","ix":1,"ks":{"a":0,"k":{"i":[[14.941,0],[28.976,24.803],[-7.802,9.112],[-9.114,-7.8],[-22.841,12.018],[4.103,38.473],[-11.93,1.273],[-1.272,-11.93],[40.711,-21.426]],"o":[[-28.625,0],[-9.114,-7.804],[7.802,-9.115],[30.304,25.944],[24.478,-12.884],[-1.272,-11.93],[11.928,-1.276],[6.067,56.887],[-13.407,7.058]],"v":[[-3.783,80.013],[-91.913,42.451],[-94.288,11.82],[-63.658,9.445],[18.757,31.031],[52.822,-54.831],[72.119,-78.737],[96.023,-59.44],[38.993,69.477]],"c":true},"ix":2},"nm":"Path 1","mn":"ADBE Vector Shape - Group","hd":false},{"ty":"fl","c":{"a":0,"k":[0.275,0.250999989229,0.438999998803,1],"ix":4},"o":{"a":0,"k":100,"ix":5},"r":1,"nm":"Fill 1","mn":"ADBE Vector Graphic - Fill","hd":false},{"ty":"tr","p":{"a":0,"k":[110.711,80.264],"ix":2},"a":{"a":0,"k":[0,0],"ix":1},"s":{"a":0,"k":[100,100],"ix":3},"r":{"a":0,"k":0,"ix":6},"o":{"a":0,"k":100,"ix":7},"sk":{"a":0,"k":0,"ix":4},"sa":{"a":0,"k":0,"ix":5},"nm":"Transform"}],"nm":"Group 2","np":2,"cix":2,"ix":2,"mn":"ADBE Vector Group","hd":false}],"ip":0,"op":103.436770103437,"st":11.6783450116783,"bm":0},{"ddd":0,"ind":24,"ty":4,"nm":"Right arm/FloatingNinja Outlines","sr":1,"ks":{"o":{"a":0,"k":100,"ix":11},"r":{"a":0,"k":0,"ix":10},"p":{"a":1,"k":[{"i":{"x":0.65,"y":1},"o":{"x":0.35,"y":0},"n":"0p65_1_0p35_0","t":3.337,"s":[1255,774,0],"e":[1255,554,0],"to":[0,-36.6666679382324,0],"ti":[0,0,0]},{"i":{"x":0.65,"y":1},"o":{"x":0.35,"y":0},"n":"0p65_1_0p35_0","t":53.386,"s":[1255,554,0],"e":[1255,774,0],"to":[0,0,0],"ti":[0,-36.6666679382324,0]},{"t":103.437134074178}],"ix":2},"a":{"a":0,"k":[107,80.5,0],"ix":1},"s":{"a":0,"k":[200,200,100],"ix":6}},"ao":0,"shapes":[{"ty":"gr","it":[{"ind":0,"ty":"sh","ix":1,"ks":{"a":0,"k":{"i":[[-13.812,6.952],[6.951,13.811],[13.811,-6.951],[-6.951,-13.812]],"o":[[13.812,-6.951],[-6.951,-13.811],[-13.811,6.952],[6.951,13.811]],"v":[[12.587,25.007],[25.007,-12.587],[-12.587,-25.008],[-25.008,12.587]],"c":true},"ix":2},"nm":"Path 1","mn":"ADBE Vector Shape - Group","hd":false},{"ty":"fl","c":{"a":0,"k":[0,0.705999995213,0.952999997606,1],"ix":4},"o":{"a":0,"k":100,"ix":5},"r":1,"nm":"Fill 1","mn":"ADBE Vector Graphic - Fill","hd":false},{"ty":"tr","p":{"a":0,"k":[180.842,104.674],"ix":2},"a":{"a":0,"k":[0,0],"ix":1},"s":{"a":0,"k":[100,100],"ix":3},"r":{"a":0,"k":0,"ix":6},"o":{"a":0,"k":100,"ix":7},"sk":{"a":0,"k":0,"ix":4},"sa":{"a":0,"k":0,"ix":5},"nm":"Transform"}],"nm":"Group 1","np":2,"cix":2,"ix":1,"mn":"ADBE Vector Group","hd":false},{"ty":"gr","it":[{"ind":0,"ty":"sh","ix":1,"ks":{"a":0,"k":{"i":[[28.622,0],[13.409,7.058],[-6.065,56.886],[-11.959,-1.266],[1.271,-11.93],[-24.478,-12.884],[-30.304,25.94],[-7.806,-9.115],[9.114,-7.804]],"o":[[-14.944,0],[-40.712,-21.428],[1.274,-11.928],[11.929,1.273],[-4.104,38.473],[22.84,12.024],[9.109,-7.8],[7.801,9.112],[-28.974,24.802]],"v":[[3.783,80.008],[-38.994,69.471],[-96.025,-59.445],[-72.118,-78.742],[-52.821,-54.836],[-18.758,31.026],[63.659,9.44],[94.289,11.815],[91.913,42.445]],"c":true},"ix":2},"nm":"Path 1","mn":"ADBE Vector Shape - Group","hd":false},{"ty":"fl","c":{"a":0,"k":[0.275,0.250999989229,0.438999998803,1],"ix":4},"o":{"a":0,"k":100,"ix":5},"r":1,"nm":"Fill 1","mn":"ADBE Vector Graphic - Fill","hd":false},{"ty":"tr","p":{"a":0,"k":[102.34,80.259],"ix":2},"a":{"a":0,"k":[0,0],"ix":1},"s":{"a":0,"k":[100,100],"ix":3},"r":{"a":0,"k":0,"ix":6},"o":{"a":0,"k":100,"ix":7},"sk":{"a":0,"k":0,"ix":4},"sa":{"a":0,"k":0,"ix":5},"nm":"Transform"}],"nm":"Group 2","np":2,"cix":2,"ix":2,"mn":"ADBE Vector Group","hd":false}],"ip":0,"op":103.436770103437,"st":11.6783450116783,"bm":0},{"ddd":0,"ind":26,"ty":4,"nm":"Shadow/FloatingNinja Outlines","sr":1,"ks":{"o":{"a":0,"k":100,"ix":11},"r":{"a":0,"k":0,"ix":10},"p":{"a":0,"k":[910,1390,0],"ix":2},"a":{"a":0,"k":[100,12,0],"ix":1},"s":{"a":1,"k":[{"i":{"x":[0.667,0.667,0.667],"y":[1,1,1]},"o":{"x":[0.333,0.333,0.333],"y":[0,0,0]},"n":["0p667_1_0p333_0","0p667_1_0p333_0","0p667_1_0p333_0"],"t":0,"s":[200,200,100],"e":[140,140,100]},{"i":{"x":[0.667,0.667,0.667],"y":[1,1,1]},"o":{"x":[0.333,0.333,0.333],"y":[0,0,0]},"n":["0p667_1_0p333_0","0p667_1_0p333_0","0p667_1_0p333_0"],"t":50.05,"s":[140,140,100],"e":[200,200,100]},{"t":100.1005859375}],"ix":6}},"ao":0,"shapes":[{"ty":"gr","it":[{"ind":0,"ty":"sh","ix":1,"ks":{"a":0,"k":{"i":[[0,-6.271],[54.894,0],[0,6.271],[-54.894,0]],"o":[[0,6.271],[-54.894,0],[0,-6.271],[54.894,0]],"v":[[99.394,0],[0,11.354],[-99.394,0],[0,-11.354]],"c":true},"ix":2},"nm":"Path 1","mn":"ADBE Vector Shape - Group","hd":false},{"ty":"fl","c":{"a":0,"k":[0.373,0.373,0.608,1],"ix":4},"o":{"a":0,"k":100,"ix":5},"r":1,"nm":"Fill 1","mn":"ADBE Vector Graphic - Fill","hd":false},{"ty":"tr","p":{"a":0,"k":[99.644,11.604],"ix":2},"a":{"a":0,"k":[0,0],"ix":1},"s":{"a":0,"k":[100,100],"ix":3},"r":{"a":0,"k":0,"ix":6},"o":{"a":0,"k":100,"ix":7},"sk":{"a":0,"k":0,"ix":4},"sa":{"a":0,"k":0,"ix":5},"nm":"Transform"}],"nm":"Group 1","np":2,"cix":2,"ix":1,"mn":"ADBE Vector Group","hd":false}],"ip":0,"op":103.436770103437,"st":0,"bm":0},{"ddd":0,"ind":28,"ty":4,"nm":"Ruler/FloatingNinja Outlines","sr":1,"ks":{"o":{"a":0,"k":100,"ix":11},"r":{"a":0,"k":0,"ix":10},"p":{"a":1,"k":[{"i":{"x":0.7,"y":1},"o":{"x":0.3,"y":0},"n":"0p7_1_0p3_0","t":3.337,"s":[950,790,0],"e":[950,590,0],"to":[0,0,0],"ti":[0,0,0]},{"i":{"x":0.7,"y":1},"o":{"x":0.3,"y":0},"n":"0p7_1_0p3_0","t":53.387,"s":[950,590,0],"e":[950,790,0],"to":[0,0,0],"ti":[0,0,0]},{"t":103.4365234375}],"ix":2},"a":{"a":0,"k":[219,238,0],"ix":1},"s":{"a":0,"k":[200,200,100],"ix":6}},"ao":0,"shapes":[{"ty":"gr","it":[{"ind":0,"ty":"sh","ix":1,"ks":{"a":0,"k":{"i":[[0,0],[0,0],[0,0],[0,0]],"o":[[0,0],[0,0],[0,0],[0,0]],"v":[[-5.636,8.947],[-9.448,4.752],[5.637,-8.947],[9.448,-4.752]],"c":true},"ix":2},"nm":"Path 1","mn":"ADBE Vector Shape - Group","hd":false},{"ty":"fl","c":{"a":0,"k":[1,0.796,0.188,1],"ix":4},"o":{"a":0,"k":100,"ix":5},"r":1,"nm":"Fill 1","mn":"ADBE Vector Graphic - Fill","hd":false},{"ty":"tr","p":{"a":0,"k":[366.733,385.87],"ix":2},"a":{"a":0,"k":[0,0],"ix":1},"s":{"a":0,"k":[100,100],"ix":3},"r":{"a":0,"k":0,"ix":6},"o":{"a":0,"k":100,"ix":7},"sk":{"a":0,"k":0,"ix":4},"sa":{"a":0,"k":0,"ix":5},"nm":"Transform"}],"nm":"Group 1","np":2,"cix":2,"ix":1,"mn":"ADBE Vector Group","hd":false},{"ty":"gr","it":[{"ind":0,"ty":"sh","ix":1,"ks":{"a":0,"k":{"i":[[0,0],[0,0],[0,0],[0,0]],"o":[[0,0],[0,0],[0,0],[0,0]],"v":[[-5.637,8.947],[-9.448,4.752],[5.636,-8.947],[9.448,-4.752]],"c":true},"ix":2},"nm":"Path 1","mn":"ADBE Vector Shape - Group","hd":false},{"ty":"fl","c":{"a":0,"k":[0.373,0.373,0.608,1],"ix":4},"o":{"a":0,"k":100,"ix":5},"r":1,"nm":"Fill 1","mn":"ADBE Vector Graphic - Fill","hd":false},{"ty":"tr","p":{"a":0,"k":[280.374,290.78],"ix":2},"a":{"a":0,"k":[0,0],"ix":1},"s":{"a":0,"k":[100,100],"ix":3},"r":{"a":0,"k":0,"ix":6},"o":{"a":0,"k":100,"ix":7},"sk":{"a":0,"k":0,"ix":4},"sa":{"a":0,"k":0,"ix":5},"nm":"Transform"}],"nm":"Group 2","np":2,"cix":2,"ix":2,"mn":"ADBE Vector Group","hd":false},{"ty":"gr","it":[{"ind":0,"ty":"sh","ix":1,"ks":{"a":0,"k":{"i":[[0,0],[0,0],[0,0],[0,0]],"o":[[0,0],[0,0],[0,0],[0,0]],"v":[[-5.637,8.947],[-9.447,4.752],[5.638,-8.947],[9.447,-4.752]],"c":true},"ix":2},"nm":"Path 1","mn":"ADBE Vector Shape - Group","hd":false},{"ty":"fl","c":{"a":0,"k":[0.373,0.373,0.608,1],"ix":4},"o":{"a":0,"k":100,"ix":5},"r":1,"nm":"Fill 1","mn":"ADBE Vector Graphic - Fill","hd":false},{"ty":"tr","p":{"a":0,"k":[194.016,195.69],"ix":2},"a":{"a":0,"k":[0,0],"ix":1},"s":{"a":0,"k":[100,100],"ix":3},"r":{"a":0,"k":0,"ix":6},"o":{"a":0,"k":100,"ix":7},"sk":{"a":0,"k":0,"ix":4},"sa":{"a":0,"k":0,"ix":5},"nm":"Transform"}],"nm":"Group 3","np":2,"cix":2,"ix":3,"mn":"ADBE Vector Group","hd":false},{"ty":"gr","it":[{"ind":0,"ty":"sh","ix":1,"ks":{"a":0,"k":{"i":[[0,0],[0,0],[0,0],[0,0]],"o":[[0,0],[0,0],[0,0],[0,0]],"v":[[-2.141,5.772],[-5.952,1.577],[2.141,-5.772],[5.952,-1.578]],"c":true},"ix":2},"nm":"Path 1","mn":"ADBE Vector Shape - Group","hd":false},{"ty":"fl","c":{"a":0,"k":[1,0.796,0.188,1],"ix":4},"o":{"a":0,"k":100,"ix":5},"r":1,"nm":"Fill 1","mn":"ADBE Vector Graphic - Fill","hd":false},{"ty":"tr","p":{"a":0,"k":[401.82,417.48],"ix":2},"a":{"a":0,"k":[0,0],"ix":1},"s":{"a":0,"k":[100,100],"ix":3},"r":{"a":0,"k":0,"ix":6},"o":{"a":0,"k":100,"ix":7},"sk":{"a":0,"k":0,"ix":4},"sa":{"a":0,"k":0,"ix":5},"nm":"Transform"}],"nm":"Group 4","np":2,"cix":2,"ix":4,"mn":"ADBE Vector Group","hd":false},{"ty":"gr","it":[{"ind":0,"ty":"sh","ix":1,"ks":{"a":0,"k":{"i":[[0,0],[0,0],[0,0],[0,0]],"o":[[0,0],[0,0],[0,0],[0,0]],"v":[[-2.141,5.772],[-5.952,1.577],[2.141,-5.772],[5.952,-1.578]],"c":true},"ix":2},"nm":"Path 1","mn":"ADBE Vector Shape - Group","hd":false},{"ty":"fl","c":{"a":0,"k":[1,0.796,0.188,1],"ix":4},"o":{"a":0,"k":100,"ix":5},"r":1,"nm":"Fill 1","mn":"ADBE Vector Graphic - Fill","hd":false},{"ty":"tr","p":{"a":0,"k":[327.049,335.15],"ix":2},"a":{"a":0,"k":[0,0],"ix":1},"s":{"a":0,"k":[100,100],"ix":3},"r":{"a":0,"k":0,"ix":6},"o":{"a":0,"k":100,"ix":7},"sk":{"a":0,"k":0,"ix":4},"sa":{"a":0,"k":0,"ix":5},"nm":"Transform"}],"nm":"Group 5","np":2,"cix":2,"ix":5,"mn":"ADBE Vector Group","hd":false},{"ty":"gr","it":[{"ind":0,"ty":"sh","ix":1,"ks":{"a":0,"k":{"i":[[0,0],[0,0],[0,0],[0,0]],"o":[[0,0],[0,0],[0,0],[0,0]],"v":[[-2.14,5.772],[-5.952,1.577],[2.14,-5.772],[5.952,-1.578]],"c":true},"ix":2},"nm":"Path 1","mn":"ADBE Vector Shape - Group","hd":false},{"ty":"fl","c":{"a":0,"k":[0.372999991623,0.372999991623,0.607999973671,1],"ix":4},"o":{"a":0,"k":100,"ix":5},"r":1,"nm":"Fill 1","mn":"ADBE Vector Graphic - Fill","hd":false},{"ty":"tr","p":{"a":0,"k":[240.69,240.06],"ix":2},"a":{"a":0,"k":[0,0],"ix":1},"s":{"a":0,"k":[100,100],"ix":3},"r":{"a":0,"k":0,"ix":6},"o":{"a":0,"k":100,"ix":7},"sk":{"a":0,"k":0,"ix":4},"sa":{"a":0,"k":0,"ix":5},"nm":"Transform"}],"nm":"Group 6","np":2,"cix":2,"ix":6,"mn":"ADBE Vector Group","hd":false},{"ty":"gr","it":[{"ind":0,"ty":"sh","ix":1,"ks":{"a":0,"k":{"i":[[0,0],[0,0],[0,0],[0,0]],"o":[[0,0],[0,0],[0,0],[0,0]],"v":[[-2.141,5.772],[-5.951,1.577],[2.141,-5.772],[5.951,-1.578]],"c":true},"ix":2},"nm":"Path 1","mn":"ADBE Vector Shape - Group","hd":false},{"ty":"fl","c":{"a":0,"k":[0.372999991623,0.372999991623,0.607999973671,1],"ix":4},"o":{"a":0,"k":100,"ix":5},"r":1,"nm":"Fill 1","mn":"ADBE Vector Graphic - Fill","hd":false},{"ty":"tr","p":{"a":0,"k":[154.333,144.97],"ix":2},"a":{"a":0,"k":[0,0],"ix":1},"s":{"a":0,"k":[100,100],"ix":3},"r":{"a":0,"k":0,"ix":6},"o":{"a":0,"k":100,"ix":7},"sk":{"a":0,"k":0,"ix":4},"sa":{"a":0,"k":0,"ix":5},"nm":"Transform"}],"nm":"Group 7","np":2,"cix":2,"ix":7,"mn":"ADBE Vector Group","hd":false},{"ty":"gr","it":[{"ind":0,"ty":"sh","ix":1,"ks":{"a":0,"k":{"i":[[0,0],[0,0],[0,0],[0,0]],"o":[[0,0],[0,0],[0,0],[0,0]],"v":[[-2.142,5.772],[-5.951,1.577],[2.142,-5.772],[5.951,-1.577]],"c":true},"ix":2},"nm":"Path 1","mn":"ADBE Vector Shape - Group","hd":false},{"ty":"fl","c":{"a":0,"k":[1,0.796,0.188,1],"ix":4},"o":{"a":0,"k":100,"ix":5},"r":1,"nm":"Fill 1","mn":"ADBE Vector Graphic - Fill","hd":false},{"ty":"tr","p":{"a":0,"k":[74.518,57.085],"ix":2},"a":{"a":0,"k":[0,0],"ix":1},"s":{"a":0,"k":[100,100],"ix":3},"r":{"a":0,"k":0,"ix":6},"o":{"a":0,"k":100,"ix":7},"sk":{"a":0,"k":0,"ix":4},"sa":{"a":0,"k":0,"ix":5},"nm":"Transform"}],"nm":"Group 8","np":2,"cix":2,"ix":8,"mn":"ADBE Vector Group","hd":false},{"ty":"gr","it":[{"ind":0,"ty":"sh","ix":1,"ks":{"a":0,"k":{"i":[[0,0],[0,0],[0,0],[0,0]],"o":[[0,0],[0,0],[0,0],[0,0]],"v":[[-5.637,8.947],[-9.447,4.752],[5.638,-8.947],[9.447,-4.752]],"c":true},"ix":2},"nm":"Path 1","mn":"ADBE Vector Shape - Group","hd":false},{"ty":"fl","c":{"a":0,"k":[0.373,0.373,0.608,1],"ix":4},"o":{"a":0,"k":100,"ix":5},"r":1,"nm":"Fill 1","mn":"ADBE Vector Graphic - Fill","hd":false},{"ty":"tr","p":{"a":0,"k":[107.657,100.6],"ix":2},"a":{"a":0,"k":[0,0],"ix":1},"s":{"a":0,"k":[100,100],"ix":3},"r":{"a":0,"k":0,"ix":6},"o":{"a":0,"k":100,"ix":7},"sk":{"a":0,"k":0,"ix":4},"sa":{"a":0,"k":0,"ix":5},"nm":"Transform"}],"nm":"Group 9","np":2,"cix":2,"ix":9,"mn":"ADBE Vector Group","hd":false},{"ty":"gr","it":[{"ind":0,"ty":"sh","ix":1,"ks":{"a":0,"k":{"i":[[2.774,2.25],[-4.779,3.167],[-2.775,-2.25],[4.779,-3.167]],"o":[[-4.453,-3.612],[2.978,-1.974],[4.453,3.612],[-2.977,1.974]],"v":[[-196.691,-204.259],[-196.038,-217.834],[-186.208,-217.362],[-186.862,-203.786]],"c":true},"ix":2},"nm":"Path 1","mn":"ADBE Vector Shape - Group","hd":false},{"ind":1,"ty":"sh","ix":2,"ks":{"a":0,"k":{"i":[[2.053,-1.864],[0,0],[-1.858,-2.045],[0,0],[-2.052,1.864],[0,0],[1.863,2.052],[0,0]],"o":[[0,0],[-2.046,1.858],[0,0],[1.864,2.052],[0,0],[2.052,-1.863],[0,0],[-1.865,-2.052]],"v":[[-193.372,-235.767],[-216.119,-215.108],[-216.459,-208.04],[186.285,235.426],[193.377,235.767],[216.113,215.119],[216.455,208.028],[-186.279,-235.426]],"c":true},"ix":2},"nm":"Path 2","mn":"ADBE Vector Shape - Group","hd":false},{"ty":"mm","mm":1,"nm":"Merge Paths 1","mn":"ADBE Vector Filter - Merge","hd":false},{"ty":"fl","c":{"a":0,"k":[1,0.795999983245,0.187999994615,1],"ix":4},"o":{"a":0,"k":100,"ix":5},"r":1,"nm":"Fill 1","mn":"ADBE Vector Graphic - Fill","hd":false},{"ty":"tr","p":{"a":0,"k":[218.567,237.881],"ix":2},"a":{"a":0,"k":[0,0],"ix":1},"s":{"a":0,"k":[100,100],"ix":3},"r":{"a":0,"k":0,"ix":6},"o":{"a":0,"k":100,"ix":7},"sk":{"a":0,"k":0,"ix":4},"sa":{"a":0,"k":0,"ix":5},"nm":"Transform"}],"nm":"Group 10","np":4,"cix":2,"ix":10,"mn":"ADBE Vector Group","hd":false}],"ip":0,"op":103.436770103437,"st":0,"bm":0}],"markers":[]}